Product_Key,Product_ID,Product_Description,Category
1,10002,INFLATABLE POLITICAL GLOBE,Otros
2,10080,GROOVY CACTUS INFLATABLE,Otros
3,10120,DOGGY RUBBER,Otros
4,10125,MINI FUNKY DESIGN TAPES,Otros
5,10133,COLOURING PENCILS BROWN TUBE,Otros
6,10135,COLOURING PENCILS BROWN TUBE,Otros
7,11001,ASSTD DESIGN RACING CAR PEN,Otros
8,15030,FAN BLACK FRAME,Otros
9,15034,PAPER POCKET TRAVELING FAN,Papelería y embalaje
10,15036,ASSORTED COLOURS SILK FAN,Otros
11,15039,SANDALWOOD FAN,Otros
12,15044A,PINK PAPER PARASOL,Papelería y embalaje
13,15044B,BLUE PAPER PARASOL,Papelería y embalaje
14,15044C,PURPLE PAPER PARASOL,Papelería y embalaje
15,15044D,RED PAPER PARASOL,Papelería y embalaje
16,15056BL,EDWARDIAN PARASOL BLACK,Otros
17,15056N,EDWARDIAN PARASOL NATURAL,Otros
18,15056P,EDWARDIAN PARASOL PINK,Otros
19,15058A,BLUE POLKADOT GARDEN PARASOL,Otros
20,15058B,PINK POLKADOT GARDEN PARASOL,Otros
21,15058C,ICE CREAM DESIGN GARDEN PARASOL,Otros
22,15060B,FAIRY CAKE DESIGN UMBRELLA,Otros
23,16008,SMALL FOLDING SCISSOR(POINTED EDGE),Otros
24,16011,ANIMAL STICKERS,Otros
25,16012,FOOD/DRINK SPONGE STICKERS,Otros
26,16014,SMALL CHINESE STYLE SCISSOR,Otros
27,16015,MEDIUM CHINESE STYLE SCISSOR,Otros
28,16016,LARGE CHINESE STYLE SCISSOR,Otros
29,16045,POPART WOODEN PENCILS ASST,Otros
30,16046,TEATIME PEN CASE & PENS,Otros
31,16048,TEATIME ROUND PENCIL SHARPENER,Otros
32,16052,TEATIME PUSH DOWN RUBBER,Otros
33,16054,POPART RECT PENCIL SHARPENER ASST,Otros
34,16151A,FLOWERS HANDBAG blue and orange,Papelería y embalaje
35,16156L,WRAP CAROUSEL,Otros
36,16156S,WRAP PINK FAIRY CAKES,Otros
37,16161G,WRAP BAD HAIR DAY,Otros
38,16161P,WRAP ENGLISH ROSE,Otros
39,16161U,WRAP SUKI AND FRIENDS,Otros
40,16168M,FUNKY MONKEY GIFT BAG MEDIUM,Papelería y embalaje
41,16169E,WRAP 50'S  CHRISTMAS,Navidad y temporada
42,16169M,WRAP DAISY CARPET,Otros
43,16207A,PINK STRAWBERRY HANDBAG,Papelería y embalaje
44,16216,LETTER SHAPE PENCIL SHARPENER,Otros
45,16218,CARTOON  PENCIL SHARPENERS,Otros
46,16219,HOUSE SHAPE PENCIL SHARPENER,Otros
47,16225,RATTLE SNAKE EGGS,Otros
48,16235,RECYCLED PENCIL WITH RABBIT ERASER,Otros
49,16236,KITTY PENCIL ERASERS,Otros
50,16237,SLEEPING CAT ERASERS,Otros
51,16238,PARTY TIME PENCIL ERASERS,Otros
52,16248B,BLUE HOLE PUNCH,Otros
53,16258A,SWIRLY CIRCULAR RUBBERS IN BAG,Papelería y embalaje
54,16259,PIECE OF CAMO STATIONERY SET,Otros
55,17001,HEAVENS SCENT FRAGRANCE OILS ASSTD,Otros
56,17003,BROCADE RING PURSE,Otros
57,17012A,ORIGAMI VANILLA INCENSE/CANDLE SET,Decoración del hogar
58,17012B,ORIGAMI JASMINE INCENSE/CANDLE SET,Decoración del hogar
59,17012C,ORIGAMI LAVENDER INCENSE/CANDL SET,Otros
60,17012D,ORIGAMI ROSE INCENSE/CANDLE SET,Decoración del hogar
61,17012E,ORIGAMI OPIUM INCENSE/CANDLE SET,Decoración del hogar
62,17012F,ORIGAMI SANDLEWOOD INCENSE/CAND SET,Otros
63,17021,NAMASTE SWAGAT INCENSE,Otros
64,17038,PORCELAIN BUDAH INCENSE HOLDER,Otros
65,17084A,TRANQUILITY MASALA INCENSE,Otros
66,17084J,LOVE POTION MASALA INCENSE,Otros
67,17084N,FAIRY DREAMS INCENSE,Otros
68,17084P,DRAGONS BLOOD INCENSE,Otros
69,17084R,ASSORTED INCENSE PACK,Otros
70,17090A,LAVENDER INCENSE 40 CONES IN TIN,Otros
71,17090D,VANILLA INCENSE 40 CONES IN TIN,Otros
72,17091J,VANILLA INCENSE IN TIN,Otros
73,17107D,FLOWER FAIRY 5 DRAWER LINERS,Otros
74,17109D,FLOWER FAIRY INCENSE BOUQUET,Otros
75,17136A,BLUE STONES ON WIRE FOR CANDLE,Decoración del hogar
76,17165D,ASS COL LARGE SAND FROG P'WEIGHT,Otros
77,18007,ESSENTIAL BALM 3.5g TIN IN ENVELOPE,Otros
78,18094C,WHITE AND BLUE CERAMIC OIL BURNER,Otros
79,18097C,WHITE TALL PORCELAIN T-LIGHT HOLDER,Iluminación
80,18098C,PORCELAIN BUTTERFLY OIL BURNER,Otros
81,20615,BLUE POLKADOT PASSPORT COVER,Otros
82,20616,CHERRY BLOSSOM PASSPORT COVER,Otros
83,20617,FIRST CLASS PASSPORT COVER,Otros
84,20618,QUEEN OF THE SKIES PASSPORT COVER,Otros
85,20619,TROPICAL PASSPORT COVER,Otros
86,20622,VIPPASSPORT COVER,Otros
87,20652,BLUE POLKADOT LUGGAGE TAG,Otros
88,20654,FIRST CLASS LUGGAGE TAG,Otros
89,20655,QUEEN OF SKIES LUGGAGE TAG,Otros
90,20657,TROPICAL LUGGAGE TAG,Otros
91,20658,RED RETROSPOT LUGGAGE TAG,Otros
92,20662,FIRST CLASS HOLIDAY PURSE,Otros
93,20665,RED RETROSPOT PURSE,Otros
94,20666,ECONOMY HOLIDAY PURSE,Otros
95,20668,DISCO BALL CHRISTMAS DECORATION,Navidad y temporada
96,20669,RED HEART LUGGAGE TAG,Otros
97,20670,VIP HOLIDAY PURSE,Otros
98,20674,GREEN POLKADOT BOWL,Cocina y vajilla
99,20675,BLUE POLKADOT BOWL,Cocina y vajilla
100,20676,RED RETROSPOT BOWL,Cocina y vajilla
101,20677,PINK POLKADOT BOWL,Cocina y vajilla
102,20679,EDWARDIAN PARASOL RED,Otros
103,20681,PINK POLKADOT CHILDRENS UMBRELLA,Otros
104,20682,RED RETROSPOT CHILDRENS UMBRELLA,Otros
105,20684,STRAWBERRY DREAM CHILDS UMBRELLA,Otros
106,20685,DOORMAT RED RETROSPOT,Otros
107,20686,DOLLY MIXTURE CHILDREN'S UMBRELLA,Juguetes
108,20694,FLORAL PINK MONSTER,Otros
109,20697,LITTLE GREEN MONSTER SOFT TOY,Juguetes
110,20699,MOUSEY LONG LEGS SOFT TOY,Juguetes
111,20701,PINK CAT FLORAL CUSHION COVER,Otros
112,20702,PINK PADDED MOBILE,Otros
113,20704,MR ROBOT SOFT TOY,Juguetes
114,20705,MRS ROBOT SOFT TOY,Juguetes
115,20707,CRAZY DAISY HEART DECORATION,Otros
116,20711,JUMBO BAG TOYS,Papelería y embalaje
117,20712,JUMBO BAG WOODLAND ANIMALS,Papelería y embalaje
118,20713,JUMBO BAG OWLS,Papelería y embalaje
119,20716,PARTY FOOD SHOPPER BAG,Papelería y embalaje
120,20717,STRAWBERRY SHOPPER BAG,Papelería y embalaje
121,20718,RED RETROSPOT SHOPPER BAG,Papelería y embalaje
122,20719,WOODLAND CHARLOTTE BAG,Papelería y embalaje
123,20723,STRAWBERRY CHARLOTTE BAG,Papelería y embalaje
124,20724,RED RETROSPOT CHARLOTTE BAG,Papelería y embalaje
125,20725,LUNCH BAG RED RETROSPOT,Papelería y embalaje
126,20726,LUNCH BAG WOODLAND,Papelería y embalaje
127,20727,LUNCH BAG  BLACK SKULL.,Papelería y embalaje
128,20728,LUNCH BAG CARS BLUE,Papelería y embalaje
129,20733,GOLD MINI TAPE MEASURE,Otros
130,20735,BLACK MINI TAPE MEASURE,Otros
131,20748,KENSINGTON COFFEE SET,Otros
132,20749,ASSORTED COLOUR MINI CASES,Otros
133,20750,RED RETROSPOT MINI CASES,Otros
134,20751,FUNKY WASHING UP GLOVES ASSORTED,Otros
135,20752,BLUE POLKADOT WASHING UP GLOVES,Otros
136,20754,RETROSPOT RED WASHING UP GLOVES,Otros
137,20755,BLUE PAISLEY POCKET BOOK,Otros
138,20756,GREEN FERN POCKET BOOK,Otros
139,20757,RED DAISY POCKET BOOK,Otros
140,20758,ABSTRACT CIRCLES POCKET BOOK,Otros
141,20760,GARDEN PATH POCKET BOOK,Otros
142,20761,BLUE PAISLEY SKETCHBOOK,Otros
143,20762,GREEN FERN SKETCHBOOK,Otros
144,20763,DAISY SKETCHBOOK,Otros
145,20764,ABSTRACT CIRCLES SKETCHBOOK,Otros
146,20765,CHRYSANTHEMUM SKETCHBOOK,Otros
147,20766,GARDEN PATH SKETCHBOOK,Otros
148,20767,BLUE PAISLEY JOURNAL,Otros
149,20768,GREEN FERN JOURNAL,Otros
150,20769,DAISY JOURNAL,Otros
151,20770,ABSTRACT CIRCLE JOURNAL,Otros
152,20771,CHRYSANTHEMUM  JOURNAL,Otros
153,20772,GARDEN PATH JOURNAL,Otros
154,20773,BLUE PAISLEY NOTEBOOK,Otros
155,20775,DAISY NOTEBOOK,Otros
156,20777,CHRYSANTHEMUM NOTEBOOK,Otros
157,20780,BLACK EAR MUFF HEADPHONES,Otros
158,20781,GOLD EAR MUFF HEADPHONES,Otros
159,20785,FUSCHIA RETRO BAR STOOL,Otros
160,20796,SMALL BLUE PROVENCAL CERAMIC BALL,Otros
161,20801,LARGE PINK GLASS SUNDAE DISH,Otros
162,20802,SMALL GLASS SUNDAE DISH CLEAR,Otros
163,20803,SMALL PINK GLASS SUNDAE DISH,Otros
164,20818,GOLD TEDDY BEAR,Otros
165,20821,GOLDIE LOOKING MIRROR,Otros
166,20826,SILVER APERITIF GLASS,Otros
167,20828,GLITTER BUTTERFLY CLIPS,Otros
168,20829,GLITTER HANGING BUTTERFLY STRING,Otros
169,20830,SILVER PHOTO FRAME,Otros
170,20831,GOLD PHOTO FRAME,Otros
171,20832,RED FLOCK LOVE HEART PHOTO FRAME,Otros
172,20836,FRENCH PAISLEY CUSHION COVER,Otros
173,20837,FRENCH FLORAL CUSHION COVER,Otros
174,20838,FRENCH LATTICE CUSHION COVER,Otros
175,20839,FRENCH PAISLEY CUSHION COVER,Otros
176,20840,FRENCH FLORAL CUSHION COVER,Otros
177,20845,ZINC HEART LATTICE 2 WALL PLANTER,Otros
178,20846,ZINC HEART LATTICE T-LIGHT HOLDER,Iluminación
179,20847,ZINC HEART LATTICE CHARGER LARGE,Otros
180,20848,ZINC HEART LATTICE CHARGER SMALL,Otros
181,20854,BLUE PATCH PURSE PINK HEART,Otros
182,20856,DENIM PATCH PURSE PINK BUTTERFLY,Otros
183,20857,BLUE ROSE PATCH PURSE PINK BUTTERFL,Otros
184,20866,BLUE ROSE FABRIC MIRROR,Otros
185,20867,PINK ROSE FABRIC MIRROR,Otros
186,20868,SILVER FABRIC MIRROR,Otros
187,20869,GOLD FABRIC MIRROR,Otros
188,20886,BOX OF 9 PEBBLE CANDLES,Decoración del hogar
189,20894,HANGING BAUBLE T-LIGHT HOLDER LARGE,Iluminación
190,20902,VINTAGE KEEPSAKE BOX PARIS DAYS,Papelería y embalaje
191,20903,VINTAGE KEEPSAKE BOX TRAVELOGUE,Papelería y embalaje
192,20906,VINTAGE NOTEBOOK BEAUTY GIRL,Otros
193,20914,SET/5 RED RETROSPOT LID GLASS BOWLS,Cocina y vajilla
194,20931,BLUE POT PLANT CANDLE,Decoración del hogar
195,20932,PINK POT PLANT CANDLE,Decoración del hogar
196,20936,FORKED CACTUS CANDLE,Decoración del hogar
197,20941,FROG CANDLE,Decoración del hogar
198,20956,PORCELAIN T-LIGHT HOLDERS ASSORTED,Iluminación
199,20961,STRAWBERRY BATH SPONGE,Otros
200,20963,APPLE BATH SPONGE,Otros
201,20964,POLYESTER FILLER PAD 60x40cm,Otros
202,20966,SANDWICH BATH SPONGE,Otros
203,20967,GREY FLORAL FELTCRAFT SHOULDER BAG,Papelería y embalaje
204,20969,RED FLORAL FELTCRAFT SHOULDER BAG,Papelería y embalaje
205,20970,PINK FLORAL FELTCRAFT SHOULDER BAG,Papelería y embalaje
206,20971,PINK BLUE FELT CRAFT TRINKET BOX,Papelería y embalaje
207,20972,PINK CREAM FELT CRAFT TRINKET BOX,Papelería y embalaje
208,20973,12 PENCIL SMALL TUBE WOODLAND,Otros
209,20974,12 PENCILS SMALL TUBE SKULL,Otros
210,20975,12 PENCILS SMALL TUBE RED RETROSPOT,Otros
211,20977,36 PENCILS TUBE WOODLAND,Otros
212,20978,36 PENCILS TUBE SKULLS,Otros
213,20979,36 PENCILS TUBE RED RETROSPOT,Otros
214,20980,36 PENCILS TUBE POSY,Otros
215,20981,12 PENCILS TALL TUBE WOODLAND,Otros
216,20982,12 PENCILS TALL TUBE SKULLS,Otros
217,20983,12 PENCILS TALL TUBE RED RETROSPOT,Otros
218,20984,12 PENCILS TALL TUBE POSY,Otros
219,20985,HEART CALCULATOR,Otros
220,20986,BLUE CALCULATOR RULER,Otros
221,20992,JAZZ HEARTS PURSE NOTEBOOK,Otros
222,20996,JAZZ HEARTS ADDRESS BOOK,Otros
223,20998,ROSE DU SUD OVEN GLOVE,Otros
224,21000,ROSE DU SUD COSMETICS BAG,Papelería y embalaje
225,21001,ROSE DU SUD WASHBAG,Papelería y embalaje
226,21003,ROSE DU SUD CUSHION COVER,Otros
227,21012,ANTIQUE ALL GLASS CANDLESTICK,Decoración del hogar
228,21014,SWISS CHALET TREE DECORATION,Navidad y temporada
229,21015,DARK BIRD HOUSE TREE DECORATION,Navidad y temporada
230,21026,SPACE OWL,Otros
231,21027,NINJA RABBIT PINK,Otros
232,21030,SPACE CADET RED,Otros
233,21032,SPACE CADET WHITE,Otros
234,21033,JUMBO BAG CHARLIE AND LOLA TOYS,Papelería y embalaje
235,21034,REX CASH+CARRY JUMBO SHOPPER,Otros
236,21035,SET/2 RED RETROSPOT TEA TOWELS,Otros
237,21038,SET/4 MODERN VINTAGE COTTON NAPKINS,Otros
238,21039,RED RETROSPOT SHOPPING BAG,Papelería y embalaje
239,21040,MODERN VINTAGE COTTON SHOPPING BAG,Papelería y embalaje
240,21041,RED RETROSPOT OVEN GLOVE DOUBLE,Otros
241,21042,RED RETROSPOT APRON,Otros
242,21043,APRON MODERN VINTAGE COTTON,Otros
243,21051,RIBBONS PURSE,Otros
244,21054,NURSE'S BAG SOFT TOY,Papelería y embalaje
245,21055,TOOL BOX SOFT TOY,Papelería y embalaje
246,21056,DOCTOR'S BAG SOFT TOY,Papelería y embalaje
247,21058,PARTY INVITES WOODLAND,Otros
248,21059,PARTY INVITES DINOSAURS,Otros
249,21060,PARTY INVITES BALLOON GIRL,Otros
250,21061,PARTY INVITES FOOTBALL,Otros
251,21062,PARTY INVITES SPACEMAN,Otros
252,21063,PARTY INVITES JAZZ HEARTS,Otros
253,21064,BOOM BOX SPEAKER BOYS,Papelería y embalaje
254,21065,BOOM BOX SPEAKER GIRLS,Papelería y embalaje
255,21066,VINTAGE RED MUG,Cocina y vajilla
256,21067,VINTAGE RED TEATIME MUG,Cocina y vajilla
257,21068,VINTAGE BILLBOARD LOVE/HATE MUG,Cocina y vajilla
258,21069,VINTAGE BILLBOARD TEA MUG,Cocina y vajilla
259,21070,VINTAGE BILLBOARD MUG,Cocina y vajilla
260,21071,VINTAGE BILLBOARD DRINK ME MUG,Cocina y vajilla
261,21078,SET/20 STRAWBERRY PAPER NAPKINS,Papelería y embalaje
262,21080,SET/20 RED RETROSPOT PAPER NAPKINS,Papelería y embalaje
263,21084,SET/6 COLLAGE PAPER CUPS,Cocina y vajilla
264,21086,SET/6 RED SPOTTY PAPER CUPS,Cocina y vajilla
265,21087,SET/6 POSIES PAPER CUPS,Cocina y vajilla
266,21088,SET/6 FRUIT SALAD PAPER CUPS,Cocina y vajilla
267,21089,SET/6 GREEN SPRING PAPER CUPS,Cocina y vajilla
268,21090,SET/6 COLLAGE PAPER PLATES,Cocina y vajilla
269,21094,SET/6 RED SPOTTY PAPER PLATES,Cocina y vajilla
270,21095,SET/6 POSIES PAPER PLATES,Cocina y vajilla
271,21096,SET/6 FRUIT SALAD  PAPER PLATES,Cocina y vajilla
272,21098,CHRISTMAS TOILET ROLL,Navidad y temporada
273,21100,CHARLIE AND LOLA CHARLOTTE BAG,Papelería y embalaje
274,21106,CREAM SLICE FLANNEL CHOCOLATE SPOT,Otros
275,21107,CREAM SLICE FLANNEL PINK SPOT,Otros
276,21108,FAIRY CAKE FLANNEL ASSORTED COLOUR,Otros
277,21109,LARGE CAKE TOWEL CHOCOLATE SPOTS,Otros
278,21110,LARGE CAKE TOWEL PINK SPOTS,Otros
279,21111,"SWISS ROLL TOWEL, CHOCOLATE  SPOTS",Otros
280,21112,SWISS ROLL TOWEL PINK  SPOTS,Otros
281,21114,LAVENDER SCENTED FABRIC HEART,Otros
282,21115,ROSE CARAVAN DOORSTOP,Otros
283,21116,OWL DOORSTOP,Otros
284,21117,BLOND DOLL DOORSTOP,Juguetes
285,21121,SET/10 RED POLKADOT PARTY CANDLES,Decoración del hogar
286,21122,SET/10 PINK POLKADOT PARTY CANDLES,Decoración del hogar
287,21123,SET/10 IVORY POLKADOT PARTY CANDLES,Decoración del hogar
288,21124,SET/10 BLUE POLKADOT PARTY CANDLES,Decoración del hogar
289,21125,SET 6 FOOTBALL CELEBRATION CANDLES,Decoración del hogar
290,21126,SET OF 6 GIRLS CELEBRATION CANDLES,Decoración del hogar
291,21128,GOLD FISHING GNOME,Otros
292,21129,SILVER FISHING GNOME,Otros
293,21132,SILVER STANDING GNOME,Otros
294,21135,VICTORIAN  METAL POSTCARD SPRING,Otros
295,21136,PAINTED METAL PEARS ASSORTED,Otros
296,21137,BLACK RECORD COVER FRAME,Otros
297,21143,ANTIQUE GLASS HEART DECORATION,Otros
298,21145,ANTIQUE GLASS PLACE SETTING,Otros
299,21147,JINGLE BELLS TREE DECORATION,Navidad y temporada
300,21154,RED RETROSPOT OVEN GLOVE,Otros
301,21155,RED RETROSPOT PEG BAG,Papelería y embalaje
302,21156,RETROSPOT CHILDRENS APRON,Otros
303,21157,RED RETROSPOT WASHBAG,Papelería y embalaje
304,21158,MOODY GIRL DOOR HANGER,Otros
305,21159,MOODY BOY  DOOR HANGER,Otros
306,21161,KEEP OUT BOYS DOOR HANGER,Otros
307,21162,TOXIC AREA  DOOR HANGER,Otros
308,21163,DO NOT TOUCH MY STUFF DOOR HANGER,Otros
309,21164,HOME SWEET HOME METAL SIGN,Otros
310,21165,BEWARE OF THE CAT METAL SIGN,Otros
311,21166,COOK WITH WINE METAL SIGN,Otros
312,21167,WHITE SAGE INCENSE,Otros
313,21169,YOU'RE CONFUSING ME METAL SIGN,Otros
314,21171,BATHROOM METAL SIGN,Otros
315,21172,PARTY METAL SIGN,Otros
316,21174,POTTERING IN THE SHED METAL SIGN,Otros
317,21175,GIN AND TONIC DIET METAL SIGN,Otros
318,21179,NO JUNK MAIL METAL SIGN,Otros
319,21181,PLEASE ONE PERSON METAL SIGN,Otros
320,21187,WHITE BELL HONEYCOMB PAPER GARLAND,Papelería y embalaje
321,21188,3D HEARTS  HONEYCOMB PAPER GARLAND,Papelería y embalaje
322,21189,WHITE HONEYCOMB PAPER GARLAND,Papelería y embalaje
323,21191,LARGE WHITE HONEYCOMB PAPER BELL,Papelería y embalaje
324,21192,WHITE BELL HONEYCOMB PAPER,Papelería y embalaje
325,21194,PINK  HONEYCOMB PAPER FAN,Papelería y embalaje
326,21195,PINK  HONEYCOMB PAPER BALL,Papelería y embalaje
327,21196,ROUND WHITE CONFETTI IN TUBE,Otros
328,21198,WHITE HEART CONFETTI IN TUBE,Otros
329,21199,PINK  HEART CONFETTI IN TUBE,Otros
330,21200,MULTICOLOUR HONEYCOMB PAPER GARLAND,Papelería y embalaje
331,21201,TROPICAL  HONEYCOMB PAPER GARLAND,Papelería y embalaje
332,21202,DOLLY HONEYCOMB GARLAND,Juguetes
333,21204,DAISIES  HONEYCOMB GARLAND,Otros
334,21205,MULTICOLOUR 3D BALLS GARLAND,Otros
335,21206,STRAWBERRY HONEYCOMB  GARLAND,Otros
336,21207,SKULL AND CROSSBONES  GARLAND,Otros
337,21208,PASTEL COLOUR HONEYCOMB FAN,Otros
338,21209,MULTICOLOUR HONEYCOMB FAN,Otros
339,21210,SET OF 72 RETROSPOT PAPER  DOILIES,Papelería y embalaje
340,21211,SET OF 72 SKULL PAPER  DOILIES,Papelería y embalaje
341,21212,PACK OF 72 RETROSPOT CAKE CASES,Otros
342,21213,PACK OF 72 SKULL CAKE CASES,Otros
343,21215,IVORY PAPER CUP CAKE CASES,Cocina y vajilla
344,21216,"SET 3 RETROSPOT TEA,COFFEE,SUGAR",Otros
345,21217,RED RETROSPOT ROUND CAKE TINS,Otros
346,21218,RED SPOTTY BISCUIT TIN,Otros
347,21219,SET/4 BADGES BALLOON GIRL,Otros
348,21220,SET/4 BADGES DOGS,Otros
349,21221,SET/4 BADGES CUTE CREATURES,Otros
350,21222,SET/4 BADGES BEETLES,Otros
351,21224,SET/4 SKULL BADGES,Otros
352,21231,SWEETHEART CERAMIC TRINKET BOX,Papelería y embalaje
353,21232,STRAWBERRY CERAMIC TRINKET POT,Otros
354,21238,RED RETROSPOT CUP,Cocina y vajilla
355,21239,PINK  POLKADOT CUP,Cocina y vajilla
356,21240,BLUE POLKADOT CUP,Cocina y vajilla
357,21242,RED RETROSPOT PLATE,Cocina y vajilla
358,21243,PINK POLKADOT PLATE,Cocina y vajilla
359,21244,BLUE POLKADOT PLATE,Cocina y vajilla
360,21245,GREEN POLKADOT PLATE,Cocina y vajilla
361,21246,RED RETROSPOT BIG BOWL,Cocina y vajilla
362,21248,DOOR HANGER  MUM + DADS ROOM,Otros
363,21249,WOODLAND  HEIGHT CHART STICKERS,Otros
364,21250,SET OF SKULL WALL STICKERS,Otros
365,21251,DINOSAUR HEIGHT CHART STICKER SET,Otros
366,21257,VICTORIAN SEWING BOX MEDIUM,Papelería y embalaje
367,21258,VICTORIAN SEWING BOX LARGE,Papelería y embalaje
368,21259,VICTORIAN SEWING BOX SMALL,Papelería y embalaje
369,21260,FIRST AID TIN,Otros
370,21261,GREEN GOOSE FEATHER CHRISTMAS TREE,Navidad y temporada
371,21262,WHITE GOOSE FEATHER CHRISTMAS TREE,Navidad y temporada
372,21263,GREEN GOOSE FEATHER TREE 60CM,Navidad y temporada
373,21264,WHITE GOOSE FEATHER TREE 60CM,Navidad y temporada
374,21265,PINK GOOSE FEATHER TREE 60CM,Navidad y temporada
375,21268,VINTAGE BLUE TINSEL REEL,Otros
376,21269,ANTIQUE CREAM CUTLERY SHELF,Otros
377,21270,ANTIQUE CREAM CUTLERY CUPBOARD,Cocina y vajilla
378,21272,SALLE DE BAIN HOOK,Otros
379,21277,FRENCH STYLE EMBOSSED HEART CABINET,Otros
380,21278,VINTAGE KITCHEN PRINT PUDDINGS,Otros
381,21279,VINTAGE KITCHEN PRINT FRUITS,Otros
382,21280,VINTAGE KITCHEN PRINT VEGETABLES,Otros
383,21284,RETROSPOT CANDLE  SMALL,Decoración del hogar
384,21285,RETROSPOT CANDLE  MEDIUM,Decoración del hogar
385,21286,RETROSPOT CANDLE  LARGE,Decoración del hogar
386,21287,SCENTED VELVET LOUNGE CANDLE,Decoración del hogar
387,21288,STRIPEY CHOCOLATE NESTING BOXES,Papelería y embalaje
388,21289,LARGE STRIPES CHOCOLATE GIFT BAG,Papelería y embalaje
389,21291,SMALL POLKADOT CHOCOLATE GIFT BAG,Papelería y embalaje
390,21292,SMALL STRIPES CHOCOLATE GIFT BAG,Papelería y embalaje
391,21293,MIRRORED DOVE WALL DECORATION,Otros
392,21294,ETCHED GLASS COASTER,Otros
393,21306,SET/4 DAISY MIRROR MAGNETS,Otros
394,21307,SET/4 BUTTERFLY MIRROR MAGNETS,Otros
395,21311,SET/4 BIRD MIRROR MAGNETS,Otros
396,21313,GLASS HEART T-LIGHT HOLDER,Iluminación
397,21314,SMALL GLASS HEART TRINKET POT,Otros
398,21316,SMALL CHUNKY GLASS ROMAN  BOWL,Cocina y vajilla
399,21318,GLASS CHALICE BLUE SMALL,Otros
400,21320,GLASS CHALICE GREEN  LARGE,Otros
401,21324,HANGING MEDINA LANTERN SMALL,Decoración del hogar
402,21326,AGED GLASS SILVER T-LIGHT HOLDER,Iluminación
403,21327,SKULLS WRITING SET,Otros
404,21328,BALLOONS  WRITING SET,Otros
405,21329,DINOSAURS  WRITING SET,Otros
406,21332,MOROCCAN BEATEN METAL MIRROR,Otros
407,21333,CLASSIC WHITE FRAME,Otros
408,21340,CLASSIC METAL BIRDCAGE PLANT HOLDER,Otros
409,21348,PINK SPOTS CHOCOLATE NESTING BOXES,Papelería y embalaje
410,21349,IVY HEART WREATH,Otros
411,21351,CINAMMON & ORANGE WREATH,Otros
412,21352,EUCALYPTUS & PINECONE  WREATH,Otros
413,21354,TOAST ITS - BEST MUM,Otros
414,21355,TOAST ITS - I LOVE YOU,Otros
415,21356,TOAST ITS - FAIRY FLOWER,Otros
416,21357,TOAST ITS - DINOSAUR,Otros
417,21358,TOAST ITS - HAPPY BIRTHDAY,Otros
418,21359,RELAX LARGE WOOD LETTERS,Otros
419,21361,LOVE LARGE WOOD LETTERS,Otros
420,21363,HOME SMALL WOOD LETTERS,Otros
421,21364,PEACE SMALL WOOD LETTERS,Otros
422,21365,MIRRORED WALL ART STARS,Navidad y temporada
423,21366,MIRRORED WALL ART PHOTO FRAMES,Otros
424,21367,MIRRORED WALL ART GENTS,Otros
425,21368,MIRRORED WALL ART LADIES,Otros
426,21369,MIRRORED WALL ART SPLODGES,Otros
427,21371,MIRRORED WALL ART POPPIES,Otros
428,21373,MIRRORED WALL ART SNOWFLAKES,Otros
429,21374,MIRRORED WALL ART SKULLS,Otros
430,21375,LARGE CAMPHOR WOOD FIELD MUSHROOM,Otros
431,21377,SMALL CAMPHOR WOOD FIELD  MUSHROOM,Otros
432,21378,SMALL TALL CAMPHOR WOOD TOADSTOOL,Otros
433,21379,CAMPHOR WOOD PORTOBELLO MUSHROOM,Otros
434,21380,WOODEN HAPPY BIRTHDAY GARLAND,Otros
435,21381,MINI WOODEN HAPPY BIRTHDAY GARLAND,Otros
436,21382,SET/4 SPRING FLOWER DECORATION,Otros
437,21383,PACK OF 12 STICKY BUNNIES,Otros
438,21385,IVORY HANGING DECORATION  HEART,Otros
439,21386,IVORY HANGING DECORATION  EGG,Otros
440,21389,IVORY HANGING DECORATION  BIRD,Otros
441,21390,FILIGRIS HEART WITH BUTTERFLY,Otros
442,21391,FRENCH LAVENDER SCENT HEART,Otros
443,21394,RED POLKADOT BEAKER,Otros
444,21395,BLUE POLKADOT BEAKER,Otros
445,21397,BLUE POLKADOT EGG CUP,Cocina y vajilla
446,21398,RED POLKADOT COFFEE  MUG,Cocina y vajilla
447,21399,BLUE POLKADOT COFFEE MUG,Cocina y vajilla
448,21400,RED PUDDING SPOON,Otros
449,21401,BLUE PUDDING SPOON,Otros
450,21402,RED  EGG  SPOON,Otros
451,21403,BLUE EGG  SPOON,Otros
452,21407,BROWN CHECK CAT DOORSTOP,Otros
453,21408,SPOTTY PINK DUCK DOORSTOP,Otros
454,21411,GINGHAM HEART  DOORSTOP RED,Otros
455,21413,PERIWINKLE T-LIGHT HOLDER,Iluminación
456,21415,CLAM SHELL SMALL,Otros
457,21417,COCKLE SHELL DISH,Otros
458,21418,STARFISH SOAP DISH,Navidad y temporada
459,21420,OYSTER TRINKET BOX,Papelería y embalaje
460,21421,PORCELAIN ROSE LARGE,Otros
461,21422,PORCELAIN ROSE SMALL,Otros
462,21424,WOODLAND STORAGE BOX LARGE,Papelería y embalaje
463,21426,WOODLAND STORAGE BOX SMALL,Papelería y embalaje
464,21427,SKULLS STORAGE BOX SMALL,Papelería y embalaje
465,21428,SET3 BOOK BOX GREEN GINGHAM FLOWER,Papelería y embalaje
466,21429,RED GINGHAM ROSE JEWELLERY BOX,Papelería y embalaje
467,21430,SET/3 RED GINGHAM ROSE STORAGE BOX,Papelería y embalaje
468,21439,BASKET OF TOADSTOOLS,Otros
469,21441,BLUE BIRDHOUSE DECORATION,Otros
470,21442,GREEN BIRDHOUSE DECORATION,Otros
471,21445,12 PINK ROSE PEG PLACE SETTINGS,Otros
472,21446,12 RED ROSE PEG PLACE SETTINGS,Otros
473,21447,12 IVORY ROSE PEG PLACE SETTINGS,Otros
474,21448,12 DAISY PEGS IN WOOD BOX,Papelería y embalaje
475,21452,TOADSTOOL MONEY BOX,Papelería y embalaje
476,21454,PAINTED PINK RABBIT,Otros
477,21455,PAINTED YELLOW WOODEN DAISY,Otros
478,21456,2 PICTURE BOOK EGGS EASTER CHICKS,Otros
479,21457,2 PICTURE BOOK EGGS EASTER DUCKS,Otros
480,21458,2 PICTURE BOOK EGGS EASTER BUNNY,Otros
481,21459,YELLOW EASTER EGG HUNT START POST,Navidad y temporada
482,21462,"NURSERY A,B,C PAINTED LETTERS",Otros
483,21463,MIRRORED DISCO BALL,Otros
484,21464,DISCO BALL ROTATOR BATTERY OPERATED,Otros
485,21465,PINK FLOWER CROCHET FOOD COVER,Otros
486,21466,RED FLOWER CROCHET FOOD COVER,Otros
487,21467,CHERRY CROCHET FOOD COVER,Otros
488,21468,BUTTERFLY CROCHET FOOD COVER,Otros
489,21469,POLKA DOT RAFFIA FOOD COVER,Otros
490,21470,FLOWER VINE RAFFIA FOOD COVER,Otros
491,21471,STRAWBERRY RAFFIA FOOD COVER,Otros
492,21472,LADYBIRD + BEE RAFFIA FOOD COVER,Otros
493,21473,SWEETHEART CREAM STEEL TABLE RECT,Otros
494,21476,STEEL SWEETHEART ROUND TABLE CREAM,Otros
495,21479,WHITE SKULL HOT WATER BOTTLE,Otros
496,21481,FAWN BLUE HOT WATER BOTTLE,Otros
497,21484,CHICK GREY HOT WATER BOTTLE,Otros
498,21485,RETROSPOT HEART HOT WATER BOTTLE,Otros
499,21494,ROTATING LEAVES T-LIGHT HOLDER,Iluminación
500,21495,SKULLS AND CROSSBONES WRAP,Otros
501,21497,FANCY FONTS BIRTHDAY WRAP,Otros
502,21498,RED RETROSPOT WRAP,Otros
503,21499,BLUE POLKADOT WRAP,Otros
504,21500,PINK POLKADOT WRAP,Otros
505,21503,TOYBOX  WRAP,Papelería y embalaje
506,21504,SKULLS GREETING CARD,Otros
507,21506,"FANCY FONT BIRTHDAY CARD,",Otros
508,21507,ELEPHANT BIRTHDAY CARD,Otros
509,21508,VINTAGE KID DOLLY CARD,Juguetes
510,21509,COWBOYS AND INDIANS BIRTHDAY CARD,Otros
511,21518,BANK ACCOUNT  GREETING  CARD,Otros
512,21519,GIN & TONIC DIET GREETING CARD,Otros
513,21520,BOOZE & WOMEN GREETING CARD,Otros
514,21523,DOORMAT FANCY FONT HOME SWEET HOME,Otros
515,21524,DOORMAT SPOTTY HOME SWEET HOME,Otros
516,21527,RED RETROSPOT TRADITIONAL TEAPOT,Otros
517,21528,DAIRY MAID TRADITIONAL TEAPOT,Otros
518,21530,DAIRY MAID TOASTRACK,Otros
519,21531,RED RETROSPOT SUGAR JAM BOWL,Cocina y vajilla
520,21533,RETROSPOT LARGE MILK JUG,Otros
521,21534,DAIRY MAID LARGE MILK JUG,Otros
522,21535,RED RETROSPOT SMALL MILK JUG,Otros
523,21537,RED RETROSPOT PUDDING BOWL,Cocina y vajilla
524,21538,DAIRY MAID  PUDDING BOWL,Cocina y vajilla
525,21539,RED RETROSPOT BUTTER DISH,Otros
526,21544,SKULLS  WATER TRANSFER TATTOOS,Otros
527,21547,CERAMIC BIRDHOUSE CRESTED TIT SMALL,Otros
528,21556,CERAMIC STRAWBERRY MONEY BOX,Papelería y embalaje
529,21557,SET OF 6 FUNKY BEAKERS,Otros
530,21558,SKULL LUNCH BOX WITH CUTLERY,Papelería y embalaje
531,21559,STRAWBERRY LUNCH BOX WITH CUTLERY,Papelería y embalaje
532,21561,DINOSAUR LUNCH BOX WITH CUTLERY,Papelería y embalaje
533,21562,HAWAIIAN GRASS SKIRT,Otros
534,21563,RED HEART SHAPE LOVE BUCKET,Otros
535,21564,PINK  HEART SHAPE LOVE BUCKET,Otros
536,21576,LETS GO SHOPPING COTTON TOTE BAG,Papelería y embalaje
537,21577,SAVE THE PLANET COTTON TOTE BAG,Papelería y embalaje
538,21578,WOODLAND DESIGN  COTTON TOTE BAG,Papelería y embalaje
539,21579,LOLITA  DESIGN  COTTON TOTE BAG,Papelería y embalaje
540,21580,RABBIT  DESIGN  COTTON TOTE BAG,Papelería y embalaje
541,21581,SKULLS  DESIGN  COTTON TOTE BAG,Papelería y embalaje
542,21584,RETROSPOT SMALL TUBE MATCHES,Otros
543,21586,KINGS CHOICE GIANT TUBE MATCHES,Otros
544,21587,COSY HOUR GIANT TUBE MATCHES,Otros
545,21588,RETROSPOT GIANT TUBE MATCHES,Otros
546,21591,COSY HOUR CIGAR BOX MATCHES,Papelería y embalaje
547,21592,RETROSPOT CIGAR BOX MATCHES,Papelería y embalaje
548,21609,SET 12 LAVENDER  BOTANICAL T-LIGHTS,Iluminación
549,21613,S/12 VANILLA  BOTANICAL T-LIGHTS,Iluminación
550,21614,SET OF 12 ROSE BOTANICAL T-LIGHTS,Iluminación
551,21615,4 LAVENDER BOTANICAL DINNER CANDLES,Decoración del hogar
552,21616,4 PEAR BOTANICAL DINNER CANDLES,Decoración del hogar
553,21617,4 LILY  BOTANICAL DINNER CANDLES,Decoración del hogar
554,21618,4 WILDFLOWER BOTANICAL CANDLES,Decoración del hogar
555,21619,4 VANILLA BOTANICAL CANDLES,Decoración del hogar
556,21620,SET OF 4 ROSE BOTANICAL CANDLES,Decoración del hogar
557,21621,VINTAGE UNION JACK BUNTING,Otros
558,21622,VINTAGE UNION JACK CUSHION COVER,Otros
559,21623,VINTAGE UNION JACK MEMOBOARD,Otros
560,21624,VINTAGE UNION JACK DOORSTOP,Otros
561,21625,VINTAGE UNION JACK APRON,Otros
562,21626,VINTAGE UNION JACK PENNANT,Otros
563,21627,ELEPHANT CARNIVAL POUFFE,Otros
564,21628,TRIANGULAR POUFFE VINTAGE,Otros
565,21629,SQUARE FLOOR CUSHION VINTAGE RED,Otros
566,21630,FLOOR CUSHION ELEPHANT CARNIVAL,Otros
567,21631,HIPPY CHIC DECORATIVE PARASOL,Otros
568,21633,SUNFLOWER DECORATIVE PARASOL,Otros
569,21634,ASSORTED MINI MADRAS NOTEBOOK,Otros
570,21636,MADRAS NOTEBOOK MEDIUM,Otros
571,21638,ASSORTED TUTTI FRUTTI NOTEBOOK,Otros
572,21641,ASSORTED TUTTI FRUTTI KEYRING BALL,Otros
573,21642,ASSORTED TUTTI FRUTTI PEN,Otros
574,21643,ASSORTED TUTTI FRUTTI MIRROR,Otros
575,21644,ASSORTED TUTTI FRUTTI HEART BOX,Papelería y embalaje
576,21647,ASSORTED TUTTI FRUTTI LARGE PURSE,Otros
577,21650,ASSORTED TUTTI FRUTTI BRACELET,Otros
578,21654,RIDGED GLASS FINGER BOWL,Cocina y vajilla
579,21656,RIDGED GLASS POSY VASE,Otros
580,21657,MILK BOTTLE WITH GLASS STOPPER,Otros
581,21658,GLASS  BEURRE DISH,Otros
582,21662,VINTAGE GLASS COFFEE CADDY,Otros
583,21664,RIDGED GLASS STORAGE JAR CREAM LID,Otros
584,21666,RIDGED GLASS T-LIGHT HOLDER,Iluminación
585,21668,RED STRIPE CERAMIC DRAWER KNOB,Otros
586,21669,BLUE STRIPE CERAMIC DRAWER KNOB,Otros
587,21670,BLUE SPOT CERAMIC DRAWER KNOB,Otros
588,21671,RED SPOT CERAMIC DRAWER KNOB,Otros
589,21672,WHITE SPOT RED CERAMIC DRAWER KNOB,Otros
590,21673,WHITE SPOT BLUE CERAMIC DRAWER KNOB,Otros
591,21675,BUTTERFLIES STICKERS,Otros
592,21676,FLOWERS  STICKERS,Otros
593,21677,HEARTS  STICKERS,Otros
594,21679,SKULLS  STICKERS,Otros
595,21680,WOODLAND  STICKERS,Otros
596,21682,LARGE MEDINA STAMPED METAL BOWL,Cocina y vajilla
597,21683,MEDIUM MEDINA STAMPED METAL BOWL,Cocina y vajilla
598,21684,SMALL MEDINA STAMPED METAL BOWL,Cocina y vajilla
599,21686,MEDINA STAMPED METAL STOOL,Otros
600,21689,SILVER VANILLA  FLOWER CANDLE POT,Decoración del hogar
601,21690,SILVER  CANDLEPOT JARDIN,Decoración del hogar
602,21692,SILVER LATTICE VANILLA CANDLE POT,Decoración del hogar
603,21693,SMALL HAMMERED SILVER CANDLEPOT,Decoración del hogar
604,21694,SMALL REGAL  SILVER CANDLEPOT,Decoración del hogar
605,21695,SMALL SILVER FLOWER CANDLE POT,Decoración del hogar
606,21696,SMALL SILVER TRELLIS CANDLEPOT,Decoración del hogar
607,21698,MOCK LOBSTER FRIDGE MAGNET,Otros
608,21700,BIG DOUGHNUT FRIDGE MAGNETS,Otros
609,21703,BAG 125g SWIRLY MARBLES,Papelería y embalaje
610,21704,BAG 250g SWIRLY MARBLES,Papelería y embalaje
611,21705,BAG 500g SWIRLY MARBLES,Papelería y embalaje
612,21706,FOLDING UMBRELLA RED/WHITE POLKADOT,Otros
613,21707,FOLDING UMBRELLA BLACKBLUE POLKADOT,Otros
614,21709,FOLDING UMBRELLA CHOCOLATE POLKADOT,Otros
615,21710,FOLDING UMBRELLA PINKWHITE POLKADOT,Otros
616,21711,FOLDING UMBRELLA WHITE/RED POLKADOT,Otros
617,21713,CITRONELLA CANDLE FLOWERPOT,Decoración del hogar
618,21714,CITRONELLA CANDLE GARDEN POT,Decoración del hogar
619,21715,GIRLS VINTAGE TIN SEASIDE BUCKET,Otros
620,21716,BOYS VINTAGE TIN SEASIDE BUCKET,Otros
621,21717,EASTER TIN BUCKET,Otros
622,21718,RED METAL BEACH SPADE,Otros
623,21720,CAKE SHOP  STICKER SHEET,Otros
624,21721,CANDY SHOP  STICKER SHEET,Otros
625,21722,SWEET PUDDING STICKER SHEET,Otros
626,21723,ALPHABET HEARTS STICKER SHEET,Otros
627,21724,PANDA AND BUNNIES STICKER SHEET,Otros
628,21725,SWEETIES  STICKERS,Otros
629,21726,MULTI HEARTS  STICKERS,Otros
630,21730,GLASS STAR FROSTED T-LIGHT HOLDER,Navidad y temporada
631,21731,RED TOADSTOOL LED NIGHT LIGHT,Iluminación
632,21733,RED HANGING HEART T-LIGHT HOLDER,Iluminación
633,21735,TWO DOOR CURIO CABINET,Otros
634,21738,COSY SLIPPER SHOES SMALL  RED,Otros
635,21739,COSY SLIPPER SHOES SMALL GREEN,Otros
636,21741,COSY SLIPPER SHOES LARGE GREEN,Otros
637,21742,LARGE ROUND WICKER PLATTER,Otros
638,21743,STAR PORTABLE TABLE LIGHT,Navidad y temporada
639,21744,SNOWFLAKE PORTABLE TABLE LIGHT,Iluminación
640,21745,GAOLERS KEYS DECORATIVE GARDEN,Otros
641,21746,SMALL RED RETROSPOT WINDMILL,Otros
642,21747,SMALL SKULL WINDMILL,Otros
643,21749,LARGE RED RETROSPOT WINDMILL,Otros
644,21750,LARGE SKULL WINDMILL,Otros
645,21754,HOME BUILDING BLOCK WORD,Otros
646,21755,LOVE BUILDING BLOCK WORD,Otros
647,21756,BATH BUILDING BLOCK WORD,Otros
648,21758,VINTAGE SHELLS PRINT,Otros
649,21761,WOOD AND GLASS MEDICINE CABINET,Otros
650,21770,OPEN CLOSED METAL SIGN,Otros
651,21773,DECORATIVE ROSE BATHROOM BOTTLE,Otros
652,21774,DECORATIVE CATS BATHROOM BOTTLE,Otros
653,21775,DECORATIVE FLORE BATHROOM BOTTLE,Otros
654,21781,MA CAMPAGNE CUTLERY BOX,Papelería y embalaje
655,21784,SHOE SHINE BOX,Papelería y embalaje
656,21786,POLKADOT RAIN HAT,Otros
657,21787,RAIN PONCHO RETROSPOT,Otros
658,21788,KIDS RAIN MAC BLUE,Otros
659,21789,KIDS RAIN MAC PINK,Otros
660,21790,VINTAGE SNAP CARDS,Otros
661,21791,VINTAGE HEADS AND TAILS CARD GAME,Otros
662,21792,CLASSIC FRENCH STYLE BASKET GREEN,Otros
663,21793,CLASSIC FRENCH STYLE BASKET BROWN,Otros
664,21794,CLASSIC FRENCH STYLE BASKET NATURAL,Otros
665,21801,CHRISTMAS TREE DECORATION WITH BELL,Navidad y temporada
666,21802,CHRISTMAS TREE HEART DECORATION,Navidad y temporada
667,21803,CHRISTMAS TREE STAR DECORATION,Navidad y temporada
668,21804,WHITE CHRISTMAS GARLAND STARS TREES,Navidad y temporada
669,21807,WHITE CHRISTMAS STAR DECORATION,Navidad y temporada
670,21808,"CHRISTMAS GARLAND STARS,TREES",Navidad y temporada
671,21809,CHRISTMAS HANGING TREE WITH BELL,Navidad y temporada
672,21810,CHRISTMAS HANGING STAR WITH BELL,Navidad y temporada
673,21811,HANGING HEART WITH BELL,Otros
674,21812,GARLAND WITH HEARTS AND BELLS,Otros
675,21813,GARLAND WITH STARS AND BELLS,Navidad y temporada
676,21814,HEART T-LIGHT HOLDER,Iluminación
677,21815,STAR  T-LIGHT HOLDER,Navidad y temporada
678,21817,GLITTER CHRISTMAS TREE,Navidad y temporada
679,21818,GLITTER HEART DECORATION,Otros
680,21819,GLITTER CHRISTMAS STAR,Navidad y temporada
681,21820,GLITTER HEART GARLAND WITH BELLS,Otros
682,21821,GLITTER STAR GARLAND WITH BELLS,Navidad y temporada
683,21822,GLITTER CHRISTMAS TREE WITH BELLS,Navidad y temporada
684,21823,PAINTED METAL HEART WITH HOLLY BELL,Otros
685,21824,PAINTED METAL STAR WITH HOLLY BELLS,Navidad y temporada
686,21828,EIGHT PIECE SNAKE  SET,Otros
687,21829,DINOSAUR KEYRINGS ASSORTED,Otros
688,21830,ASSORTED CREEPY CRAWLIES,Otros
689,21832,CHOCOLATE CALCULATOR,Otros
690,21833,CAMOUFLAGE LED TORCH,Otros
691,21841,BABY MOUSE RED GINGHAM DRESS,Otros
692,21843,RED RETROSPOT CAKE STAND,Otros
693,21844,RED RETROSPOT MUG,Cocina y vajilla
694,21845,DAIRY MAID STRIPE MUG,Cocina y vajilla
695,21846,PINK DIAMANTE PEN IN GIFT BOX,Papelería y embalaje
696,21849,SILVER DIAMANTE PEN IN GIFT BOX,Papelería y embalaje
697,21850,BLUE  DIAMANTE PEN IN GIFT BOX,Papelería y embalaje
698,21851,LILAC DIAMANTE PEN IN GIFT BOX,Papelería y embalaje
699,21864,UNION JACK FLAG PASSPORT COVER,Otros
700,21865,PINK UNION JACK  PASSPORT COVER,Otros
701,21866,UNION JACK FLAG LUGGAGE TAG,Otros
702,21867,PINK UNION JACK  LUGGAGE TAG,Otros
703,21868,POTTING SHED TEA MUG,Cocina y vajilla
704,21870,I CAN ONLY PLEASE ONE PERSON MUG,Cocina y vajilla
705,21871,SAVE THE PLANET MUG,Cocina y vajilla
706,21872,GLAMOROUS  MUG,Cocina y vajilla
707,21873,IF YOU CAN'T STAND THE HEAT MUG,Cocina y vajilla
708,21874,GIN AND TONIC MUG,Cocina y vajilla
709,21875,KINGS CHOICE MUG,Cocina y vajilla
710,21876,POTTERING MUG,Cocina y vajilla
711,21877,HOME SWEET HOME MUG,Cocina y vajilla
712,21878,PACK OF 6 SANDCASTLE FLAGS ASSORTED,Otros
713,21879,HEARTS GIFT TAPE,Otros
714,21880,RED RETROSPOT TAPE,Otros
715,21881,CUTE CATS TAPE,Otros
716,21882,SKULLS TAPE,Otros
717,21883,STARS GIFT TAPE,Navidad y temporada
718,21884,CAKES AND BOWS GIFT  TAPE,Otros
719,21888,BINGO SET,Otros
720,21889,WOODEN BOX OF DOMINOES,Papelería y embalaje
721,21890,S/6 WOODEN SKITTLES IN COTTON BAG,Papelería y embalaje
722,21891,TRADITIONAL WOODEN SKIPPING ROPE,Otros
723,21892,TRADITIONAL WOODEN CATCH CUP GAME,Cocina y vajilla
724,21894,POTTING SHED SEED ENVELOPES,Otros
725,21896,POTTING SHED TWINE,Otros
726,21897,POTTING SHED CANDLE CITRONELLA,Decoración del hogar
727,21898,POTTING SHED ROSE CANDLE,Decoración del hogar
728,21899,GARAGE KEY FOB,Otros
729,21900,"KEY FOB , SHED",Otros
730,21901,"KEY FOB , BACK DOOR",Otros
731,21902,"KEY FOB , FRONT  DOOR",Otros
732,21903,MAN FLU METAL SIGN,Otros
733,21904,HOUSE WRECKING METAL SIGN,Otros
734,21905,MORE BUTTER METAL SIGN,Otros
735,21906,PHARMACIE FIRST AID TIN,Otros
736,21907,I'M ON HOLIDAY METAL SIGN,Otros
737,21908,CHOCOLATE THIS WAY METAL SIGN,Otros
738,21910,WAY OUT METAL SIGN,Otros
739,21911,GARDEN METAL SIGN,Otros
740,21912,VINTAGE SNAKES & LADDERS,Otros
741,21913,VINTAGE SEASIDE JIGSAW PUZZLES,Otros
742,21914,BLUE HARMONICA IN BOX,Papelería y embalaje
743,21915,RED  HARMONICA IN BOX,Papelería y embalaje
744,21916,SET 12 RETRO WHITE CHALK STICKS,Otros
745,21917,SET 12 KIDS  WHITE CHALK STICKS,Otros
746,21918,SET 12 KIDS COLOUR  CHALK STICKS,Otros
747,21922,UNION STRIPE WITH FRINGE  HAMMOCK,Otros
748,21925,UNION STRIPE CUSHION COVER,Otros
749,21926,RED/CREAM STRIPE CUSHION COVER,Otros
750,21927,BLUE/CREAM STRIPE CUSHION COVER,Otros
751,21928,JUMBO BAG SCANDINAVIAN BLUE PAISLEY,Papelería y embalaje
752,21929,JUMBO BAG PINK VINTAGE PAISLEY,Papelería y embalaje
753,21930,JUMBO STORAGE BAG SKULLS,Papelería y embalaje
754,21931,JUMBO STORAGE BAG SUKI,Papelería y embalaje
755,21932,SCANDINAVIAN PAISLEY PICNIC BAG,Papelería y embalaje
756,21933,PINK VINTAGE PAISLEY PICNIC BAG,Papelería y embalaje
757,21934,SKULL SHOULDER BAG,Papelería y embalaje
758,21935,SUKI  SHOULDER BAG,Papelería y embalaje
759,21936,RED RETROSPOT PICNIC BAG,Papelería y embalaje
760,21937,STRAWBERRY   PICNIC BAG,Papelería y embalaje
761,21942,SKULLS DESIGN FLANNEL,Otros
762,21944,KITTENS DESIGN FLANNEL,Otros
763,21945,STRAWBERRIES  DESIGN FLANNEL,Otros
764,21947,SET OF 6 HEART CHOPSTICKS,Otros
765,21948,SET OF 6 CAKE CHOPSTICKS,Otros
766,21949,SET OF 6 STRAWBERRY CHOPSTICKS,Otros
767,21955,DOORMAT UNION JACK GUNS AND ROSES,Otros
768,21967,PACK OF 12 SKULL TISSUES,Otros
769,21972,SET OF 36 DINOSAUR PAPER DOILIES,Papelería y embalaje
770,21973,SET OF 36 MUSHROOM PAPER DOILIES,Papelería y embalaje
771,21974,SET OF 36 PAISLEY FLOWER DOILIES,Otros
772,21975,PACK OF 60 DINOSAUR CAKE CASES,Otros
773,21976,PACK OF 60 MUSHROOM CAKE CASES,Otros
774,21977,PACK OF 60 PINK PAISLEY CAKE CASES,Otros
775,21980,PACK OF 12 RED RETROSPOT TISSUES,Otros
776,21981,PACK OF 12 WOODLAND TISSUES,Otros
777,21982,PACK OF 12 SUKI TISSUES,Otros
778,21983,PACK OF 12 BLUE PAISLEY TISSUES,Otros
779,21984,PACK OF 12 PINK PAISLEY TISSUES,Otros
780,21985,PACK OF 12 HEARTS DESIGN TISSUES,Otros
781,21986,PACK OF 12 PINK POLKADOT TISSUES,Otros
782,21987,PACK OF 6 SKULL PAPER CUPS,Cocina y vajilla
783,21988,PACK OF 6 SKULL PAPER PLATES,Cocina y vajilla
784,21989,PACK OF 20 SKULL PAPER NAPKINS,Papelería y embalaje
785,21990,MODERN FLORAL STATIONERY SET,Otros
786,21991,BOHEMIAN COLLAGE STATIONERY SET,Otros
787,21992,VINTAGE PAISLEY STATIONERY SET,Otros
788,21993,FLORAL FOLK STATIONERY SET,Otros
789,22021,BLUE FELT EASTER EGG BASKET,Otros
790,22023,EMPIRE BIRTHDAY CARD,Otros
791,22024,RAINY LADIES BIRTHDAY CARD,Otros
792,22025,RING OF ROSES BIRTHDAY CARD,Otros
793,22026,BANQUET BIRTHDAY  CARD,Otros
794,22027,TEA PARTY BIRTHDAY CARD,Otros
795,22028,PENNY FARTHING BIRTHDAY CARD,Otros
796,22029,SPACEBOY BIRTHDAY CARD,Otros
797,22030,SWALLOWS GREETING CARD,Otros
798,22031,BOTANICAL LAVENDER BIRTHDAY CARD,Otros
799,22032,BOTANICAL LILY GREETING CARD,Otros
800,22033,BOTANICAL ROSE GREETING CARD,Otros
801,22035,VINTAGE CARAVAN GREETING CARD,Otros
802,22037,ROBOT BIRTHDAY CARD,Otros
803,22038,BOTANICAL LAVENDER GIFT WRAP,Otros
804,22039,BOTANICAL LILY GIFT WRAP,Otros
805,22040,BOTANICAL ROSE GIFT WRAP,Otros
806,22041,"RECORD FRAME 7"" SINGLE SIZE",Otros
807,22042,CHRISTMAS CARD SINGING ANGEL,Navidad y temporada
808,22043,CHRISTMAS CARD SCREEN PRINT,Navidad y temporada
809,22044,CHRISTMAS CARD STACK OF PRESENTS,Navidad y temporada
810,22045,SPACEBOY GIFT WRAP,Otros
811,22046,TEA PARTY  WRAPPING PAPER,Papelería y embalaje
812,22047,EMPIRE GIFT WRAP,Otros
813,22048,BIRTHDAY BANQUET GIFT WRAP,Otros
814,22049,WRAP CHRISTMAS SCREEN PRINT,Navidad y temporada
815,22050,PINK PAISLEY ROSE GIFT WRAP,Otros
816,22051,BLUE SCANDINAVIAN PAISLEY WRAP,Otros
817,22052,VINTAGE CARAVAN GIFT WRAP,Otros
818,22055,MINI CAKE STAND  HANGING STRAWBERY,Otros
819,22057,CERAMIC PLATE STRAWBERRY DESIGN,Cocina y vajilla
820,22059,CERAMIC STRAWBERRY DESIGN MUG,Cocina y vajilla
821,22060,LARGE CAKE STAND HANGING HEARTS,Otros
822,22061,LARGE CAKE STAND  HANGING STRAWBERY,Otros
823,22062,CERAMIC BOWL WITH LOVE HEART DESIGN,Cocina y vajilla
824,22063,CERAMIC BOWL WITH STRAWBERRY DESIGN,Cocina y vajilla
825,22064,PINK DOUGHNUT TRINKET POT,Otros
826,22065,CHRISTMAS PUDDING TRINKET POT,Navidad y temporada
827,22066,LOVE HEART TRINKET POT,Otros
828,22067,CHOC TRUFFLE GOLD TRINKET POT,Otros
829,22068,BLACK PIRATE TREASURE CHEST,Otros
830,22069,BROWN  PIRATE TREASURE CHEST,Otros
831,22070,SMALL RED RETROSPOT MUG IN BOX,Cocina y vajilla
832,22071,SMALL WHITE RETROSPOT MUG IN BOX,Cocina y vajilla
833,22072,RED RETROSPOT TEA CUP AND SAUCER,Cocina y vajilla
834,22073,RED RETROSPOT STORAGE JAR,Otros
835,22074,6 RIBBONS SHIMMERING PINKS,Otros
836,22075,6 RIBBONS ELEGANT CHRISTMAS,Navidad y temporada
837,22076,6 RIBBONS EMPIRE,Otros
838,22077,6 RIBBONS RUSTIC CHARM,Otros
839,22078,RIBBON REEL LACE DESIGN,Otros
840,22079,RIBBON REEL HEARTS DESIGN,Otros
841,22080,RIBBON REEL POLKADOTS,Otros
842,22081,RIBBON REEL FLORA + FAUNA,Otros
843,22082,RIBBON REEL STRIPES DESIGN,Otros
844,22083,PAPER CHAIN KIT RETROSPOT,Papelería y embalaje
845,22084,PAPER CHAIN KIT EMPIRE,Papelería y embalaje
846,22085,PAPER CHAIN KIT SKULLS,Papelería y embalaje
847,22086,PAPER CHAIN KIT 50'S CHRISTMAS,Navidad y temporada
848,22087,PAPER BUNTING WHITE LACE,Papelería y embalaje
849,22088,PAPER BUNTING COLOURED LACE,Papelería y embalaje
850,22089,PAPER BUNTING VINTAGE PAISLEY,Papelería y embalaje
851,22090,PAPER BUNTING RETROSPOT,Papelería y embalaje
852,22091,EMPIRE TISSUE BOX,Papelería y embalaje
853,22092,BLUE PAISLEY TISSUE BOX,Papelería y embalaje
854,22093,MOTORING TISSUE BOX,Papelería y embalaje
855,22094,RED RETROSPOT TISSUE BOX,Papelería y embalaje
856,22095,LADS ONLY TISSUE BOX,Papelería y embalaje
857,22096,PINK PAISLEY SQUARE TISSUE BOX,Papelería y embalaje
858,22097,SWALLOW SQUARE TISSUE BOX,Papelería y embalaje
859,22098,BOUDOIR SQUARE TISSUE BOX,Papelería y embalaje
860,22099,CARAVAN SQUARE TISSUE BOX,Papelería y embalaje
861,22100,SKULLS SQUARE TISSUE BOX,Papelería y embalaje
862,22101,MIRROR MOSAIC VOTIVE HOLDER,Otros
863,22102,MIRROR MOSAIC T-LIGHT HOLDER,Iluminación
864,22103,MIRROR MOSAIC T-LIGHT HOLDER ROUND,Iluminación
865,22104,MIRROR MOSAIC CANDLE PLATE,Decoración del hogar
866,22105,MIRROR MOSAIC GOBLET CANDLE HOLDER,Decoración del hogar
867,22107,PIZZA PLATE IN BOX,Cocina y vajilla
868,22108,PING! MICROWAVE PLATE,Cocina y vajilla
869,22109,FULL ENGLISH BREAKFAST PLATE,Cocina y vajilla
870,22110,BIRD HOUSE HOT WATER BOTTLE,Otros
871,22111,SCOTTIE DOG HOT WATER BOTTLE,Otros
872,22112,CHOCOLATE HOT WATER BOTTLE,Otros
873,22113,GREY HEART HOT WATER BOTTLE,Otros
874,22114,HOT WATER BOTTLE TEA AND SYMPATHY,Otros
875,22115,METAL SIGN EMPIRE TEA,Otros
876,22116,METAL SIGN HIS DINNER IS SERVED,Otros
877,22117,METAL SIGN HER DINNER IS SERVED,Otros
878,22118,JOY WOODEN BLOCK LETTERS,Otros
879,22119,PEACE WOODEN BLOCK LETTERS,Otros
880,22120,WELCOME  WOODEN BLOCK LETTERS,Otros
881,22121,NOEL WOODEN BLOCK LETTERS,Otros
882,22123,PING MICROWAVE APRON,Otros
883,22124,SET OF 2 TEA TOWELS PING MICROWAVE,Otros
884,22127,PARTY CONES CARNIVAL ASSORTED,Otros
885,22128,PARTY CONES CANDY ASSORTED,Otros
886,22129,PARTY CONES CANDY TREE DECORATION,Navidad y temporada
887,22130,PARTY CONE CHRISTMAS DECORATION,Navidad y temporada
888,22131,FOOD CONTAINER SET 3 LOVE HEART,Otros
889,22132,RED LOVE HEART SHAPE CUP,Cocina y vajilla
890,22133,PINK LOVE HEART SHAPE CUP,Cocina y vajilla
891,22134,MINI LADLE LOVE HEART RED,Otros
892,22135,MINI LADLE LOVE HEART PINK,Otros
893,22136,LOVE HEART SOCK HANGER,Otros
894,22137,BATHROOM SET LOVE HEART DESIGN,Otros
895,22138,BAKING SET 9 PIECE RETROSPOT,Otros
896,22139,RETROSPOT TEA SET CERAMIC 11 PC,Otros
897,22141,CHRISTMAS CRAFT TREE TOP ANGEL,Navidad y temporada
898,22142,CHRISTMAS CRAFT WHITE FAIRY,Navidad y temporada
899,22144,CHRISTMAS CRAFT LITTLE FRIENDS,Navidad y temporada
900,22147,FELTCRAFT BUTTERFLY HEARTS,Otros
901,22148,EASTER CRAFT 4 CHICKS,Otros
902,22149,FELTCRAFT 6 FLOWER FRIENDS,Otros
903,22150,3 STRIPEY MICE FELTCRAFT,Otros
904,22151,PLACE SETTING WHITE HEART,Otros
905,22152,PLACE SETTING WHITE STAR,Navidad y temporada
906,22153,ANGEL DECORATION STARS ON DRESS,Navidad y temporada
907,22154,ANGEL DECORATION 3 BUTTONS,Otros
908,22155,STAR DECORATION RUSTIC,Navidad y temporada
909,22156,HEART DECORATION WITH PEARLS,Otros
910,22158,3 HEARTS HANGING DECORATION RUSTIC,Otros
911,22161,HEART DECORATION RUSTIC HANGING,Otros
912,22162,HEART GARLAND RUSTIC PADDED,Otros
913,22163,HEART STRING MEMO HOLDER HANGING,Otros
914,22165,"DIAMANTE HEART SHAPED WALL MIRROR,",Otros
915,22166,WALL MIRROR RECTANGLE DIAMANTE PINK,Otros
916,22167,OVAL WALL MIRROR DIAMANTE,Otros
917,22168,ORGANISER WOOD ANTIQUE WHITE,Otros
918,22169,FAMILY ALBUM WHITE PICTURE FRAME,Otros
919,22170,PICTURE FRAME WOOD TRIPLE PORTRAIT,Otros
920,22171,3 HOOK PHOTO SHELF ANTIQUE WHITE,Otros
921,22173,METAL 4 HOOK HANGER FRENCH CHATEAU,Otros
922,22174,PHOTO CUBE,Otros
923,22175,PINK OWL SOFT TOY,Juguetes
924,22176,BLUE OWL SOFT TOY,Juguetes
925,22178,VICTORIAN GLASS HANGING T-LIGHT,Iluminación
926,22179,SET 10 NIGHT OWL LIGHTS,Iluminación
927,22180,RETROSPOT LAMP,Iluminación
928,22181,SNOWSTORM PHOTO FRAME FRIDGE MAGNET,Otros
929,22182,CAKE STAND VICTORIAN FILIGREE SMALL,Otros
930,22183,CAKE STAND VICTORIAN FILIGREE MED,Otros
931,22185,SLATE TILE NATURAL HANGING,Otros
932,22186,RED STAR CARD HOLDER,Navidad y temporada
933,22187,GREEN CHRISTMAS TREE CARD HOLDER,Navidad y temporada
934,22188,BLACK HEART CARD HOLDER,Otros
935,22189,CREAM HEART CARD HOLDER,Otros
936,22190,LOCAL CAFE MUG,Cocina y vajilla
937,22191,IVORY DINER WALL CLOCK,Otros
938,22192,BLUE DINER WALL CLOCK,Otros
939,22193,RED DINER WALL CLOCK,Otros
940,22194,BLACK DINER WALL CLOCK,Otros
941,22195,LARGE HEART MEASURING SPOONS,Otros
942,22196,SMALL HEART MEASURING SPOONS,Otros
943,22197,POPCORN HOLDER,Otros
944,22198,LARGE POPCORN HOLDER,Otros
945,22199,FRYING PAN RED RETROSPOT,Otros
946,22200,FRYING PAN PINK POLKADOT,Otros
947,22201,FRYING PAN BLUE POLKADOT,Otros
948,22202,MILK PAN PINK POLKADOT,Otros
949,22203,MILK PAN RED RETROSPOT,Otros
950,22204,MILK PAN BLUE POLKADOT,Otros
951,22207,FRYING PAN UNION FLAG,Otros
952,22208,WOOD STAMP SET THANK YOU,Otros
953,22209,WOOD STAMP SET HAPPY BIRTHDAY,Otros
954,22210,WOOD STAMP SET BEST WISHES,Otros
955,22211,WOOD STAMP SET FLOWERS,Otros
956,22212,FOUR HOOK  WHITE LOVEBIRDS,Otros
957,22214,CANDLE PLATE LACE WHITE,Decoración del hogar
958,22215,CAKE STAND WHITE TWO TIER LACE,Otros
959,22216,T-LIGHT HOLDER WHITE LACE,Iluminación
960,22217,T-LIGHT HOLDER HANGING LACE,Iluminación
961,22219,LOVEBIRD HANGING DECORATION WHITE,Otros
962,22220,CAKE STAND LOVEBIRD 2 TIER WHITE,Otros
963,22221,CAKE STAND LOVEBIRD 2 TIER PINK,Otros
964,22222,CAKE PLATE LOVEBIRD WHITE,Cocina y vajilla
965,22223,CAKE PLATE LOVEBIRD PINK,Cocina y vajilla
966,22224,WHITE LOVEBIRD LANTERN,Decoración del hogar
967,22227,HANGING HEART MIRROR DECORATION,Otros
968,22228,BUNNY WOODEN PAINTED WITH BIRD,Otros
969,22229,BUNNY WOODEN PAINTED WITH FLOWER,Otros
970,22230,JIGSAW TREE WITH WATERING CAN,Navidad y temporada
971,22231,JIGSAW TREE WITH BIRDHOUSE,Navidad y temporada
972,22232,JIGSAW TOADSTOOLS 3 PIECE,Otros
973,22233,JIGSAW RABBIT AND BIRDHOUSE,Otros
974,22236,CAKE STAND 3 TIER MAGIC GARDEN,Otros
975,22241,GARLAND WOODEN HAPPY EASTER,Otros
976,22242,5 HOOK HANGER MAGIC TOADSTOOL,Otros
977,22243,5 HOOK HANGER RED MAGIC TOADSTOOL,Otros
978,22244,3 HOOK HANGER MAGIC GARDEN,Otros
979,22245,"HOOK, 1 HANGER ,MAGIC GARDEN",Otros
980,22246,MAGIC GARDEN FELT GARLAND,Otros
981,22247,BUNNY DECORATION MAGIC GARDEN,Otros
982,22248,DECORATION  PINK CHICK MAGIC GARDEN,Otros
983,22249,DECORATION WHITE CHICK MAGIC GARDEN,Otros
984,22250,DECORATION  BUTTERFLY  MAGIC GARDEN,Otros
985,22251,BIRDHOUSE DECORATION MAGIC GARDEN,Otros
986,22252,BIRDCAGE DECORATION TEALIGHT HOLDER,Iluminación
987,22254,FELT TOADSTOOL LARGE,Otros
988,22255,FELT TOADSTOOL  SMALL,Otros
989,22256,FELT FARM ANIMAL CHICKEN,Otros
990,22257,FELT FARM ANIMAL SHEEP,Otros
991,22258,FELT FARM ANIMAL RABBIT,Otros
992,22259,FELT FARM ANIMAL HEN,Otros
993,22260,FELT EGG COSY BLUE RABBIT,Otros
994,22261,FELT EGG COSY WHITE RABBIT,Otros
995,22262,FELT EGG COSY CHICKEN,Otros
996,22263,FELT EGG COSY LADYBIRD,Otros
997,22264,FELT FARM ANIMAL WHITE BUNNY,Otros
998,22265,EASTER DECORATION NATURAL CHICK,Otros
999,22266,EASTER DECORATION HANGING BUNNY,Otros
1000,22267,EASTER DECORATION EGG BUNNY,Otros
1001,22268,DECORATION SITTING BUNNY,Otros
1002,22269,EGG CUP NATURAL CHICKEN,Cocina y vajilla
1003,22270,HAPPY EASTER HANGING DECORATION,Otros
1004,22271,FELTCRAFT DOLL ROSIE,Juguetes
1005,22272,FELTCRAFT DOLL MARIA,Juguetes
1006,22273,FELTCRAFT DOLL MOLLY,Juguetes
1007,22274,FELTCRAFT DOLL EMILY,Juguetes
1008,22276,WASH BAG VINTAGE ROSE PAISLEY,Papelería y embalaje
1009,22277,COSMETIC BAG VINTAGE ROSE PAISLEY,Papelería y embalaje
1010,22278,OVERNIGHT BAG VINTAGE ROSE PAISLEY,Papelería y embalaje
1011,22279,POCKET BAG BLUE PAISLEY RED SPOT,Papelería y embalaje
1012,22280,POCKET BAG PINK PAISELY BROWN SPOT,Papelería y embalaje
1013,22281,EASTER TREE YELLOW BIRDS,Navidad y temporada
1014,22282,12 EGG HOUSE PAINTED WOOD,Otros
1015,22283,6 EGG HOUSE PAINTED WOOD,Otros
1016,22284,HEN HOUSE DECORATION,Otros
1017,22285,HANGING HEN ON NEST DECORATION,Otros
1018,22286,DECORATION WOBBLY RABBIT METAL,Otros
1019,22287,DECORATION WOBBLY CHICKEN,Otros
1020,22288,HANGING METAL RABBIT DECORATION,Otros
1021,22289,HANGING METAL CHICKEN DECORATION,Otros
1022,22291,HANGING CHICK CREAM DECORATION,Otros
1023,22292,HANGING CHICK  YELLOW DECORATION,Otros
1024,22293,HANGING CHICK GREEN DECORATION,Otros
1025,22294,HEART FILIGREE DOVE  SMALL,Otros
1026,22295,HEART FILIGREE DOVE LARGE,Otros
1027,22296,HEART IVORY TRELLIS LARGE,Otros
1028,22297,HEART IVORY TRELLIS SMALL,Otros
1029,22299,PIG KEYRING WITH LIGHT & SOUND,Iluminación
1030,22300,COFFEE MUG DOG + BALL DESIGN,Cocina y vajilla
1031,22301,COFFEE MUG CAT + BIRD DESIGN,Cocina y vajilla
1032,22302,COFFEE MUG PEARS  DESIGN,Cocina y vajilla
1033,22303,COFFEE MUG APPLES DESIGN,Cocina y vajilla
1034,22304,COFFEE MUG BLUE PAISLEY DESIGN,Cocina y vajilla
1035,22305,COFFEE MUG PINK PAISLEY DESIGN,Cocina y vajilla
1036,22306,SILVER MUG BONE CHINA TREE OF LIFE,Navidad y temporada
1037,22307,GOLD MUG BONE CHINA TREE OF LIFE,Navidad y temporada
1038,22308,TEA COSY BLUE STRIPE,Otros
1039,22309,TEA COSY RED  STRIPE,Otros
1040,22310,IVORY KNITTED MUG COSY,Cocina y vajilla
1041,22311,OFFICE MUG WARMER BLACK+SILVER,Cocina y vajilla
1042,22312,OFFICE MUG WARMER POLKADOT,Cocina y vajilla
1043,22313,OFFICE MUG WARMER PINK,Cocina y vajilla
1044,22314,OFFICE MUG WARMER CHOC+BLUE,Cocina y vajilla
1045,22315,200 RED + WHITE BENDY STRAWS,Otros
1046,22316,200 BENDY SKULL STRAWS,Otros
1047,22317,FIVE CATS HANGING DECORATION,Otros
1048,22318,FIVE HEART HANGING DECORATION,Otros
1049,22319,HAIRCLIPS FORTIES FABRIC ASSORTED,Otros
1050,22320,BIRDS MOBILE VINTAGE DESIGN,Otros
1051,22321,BIRD DECORATION RED RETROSPOT,Otros
1052,22322,BIRD DECORATION GREEN POLKADOT,Otros
1053,22324,BLUE POLKADOT KIDS BAG,Papelería y embalaje
1054,22325,MOBILE VINTAGE HEARTS,Otros
1055,22326,ROUND SNACK BOXES SET OF4 WOODLAND,Papelería y embalaje
1056,22327,ROUND SNACK BOXES SET OF 4 SKULLS,Papelería y embalaje
1057,22328,ROUND SNACK BOXES SET OF 4 FRUITS,Papelería y embalaje
1058,22329,ROUND CONTAINER SET OF 5 RETROSPOT,Otros
1059,22331,WOODLAND PARTY BAG + STICKER SET,Papelería y embalaje
1060,22332,SKULLS PARTY BAG + STICKER SET,Papelería y embalaje
1061,22333,RETROSPOT PARTY BAG + STICKER SET,Papelería y embalaje
1062,22334,DINOSAUR PARTY BAG + STICKER SET,Papelería y embalaje
1063,22335,HEART DECORATION PAINTED ZINC,Otros
1064,22336,DOVE DECORATION PAINTED ZINC,Otros
1065,22337,ANGEL DECORATION PAINTED ZINC,Otros
1066,22338,STAR DECORATION PAINTED ZINC,Navidad y temporada
1067,22339,CHRISTMAS TREE PAINTED ZINC,Navidad y temporada
1068,22340,NOEL GARLAND PAINTED ZINC,Otros
1069,22341,LOVE GARLAND PAINTED ZINC,Otros
1070,22342,HOME GARLAND PAINTED ZINC,Otros
1071,22343,PARTY PIZZA DISH RED RETROSPOT,Otros
1072,22344,PARTY PIZZA DISH PINK POLKADOT,Otros
1073,22345,PARTY PIZZA DISH BLUE POLKADOT,Otros
1074,22346,PARTY PIZZA DISH GREEN POLKADOT,Otros
1075,22348,TEA BAG PLATE RED RETROSPOT,Cocina y vajilla
1076,22349,DOG BOWL CHASING BALL DESIGN,Cocina y vajilla
1077,22350,ILLUSTRATED CAT BOWL,Cocina y vajilla
1078,22352,LUNCH BOX WITH CUTLERY RETROSPOT,Papelería y embalaje
1079,22353,LUNCH BOX WITH CUTLERY FAIRY CAKES,Papelería y embalaje
1080,22354,RETROSPOT PADDED SEAT CUSHION,Otros
1081,22355,CHARLOTTE BAG SUKI DESIGN,Papelería y embalaje
1082,22356,CHARLOTTE BAG PINK POLKADOT,Papelería y embalaje
1083,22357,KINGS CHOICE BISCUIT TIN,Otros
1084,22358,KINGS CHOICE TEA CADDY,Otros
1085,22359,GLASS JAR KINGS CHOICE,Otros
1086,22360,GLASS JAR ENGLISH CONFECTIONERY,Otros
1087,22361,GLASS JAR DAISY FRESH COTTON WOOL,Otros
1088,22362,GLASS JAR PEACOCK BATH SALTS,Otros
1089,22363,GLASS JAR MARMALADE,Otros
1090,22364,GLASS JAR DIGESTIVE BISCUITS,Otros
1091,22365,DOORMAT RESPECTABLE HOUSE,Otros
1092,22366,DOORMAT AIRMAIL,Otros
1093,22367,CHILDRENS APRON SPACEBOY DESIGN,Otros
1094,22371,AIRLINE BAG VINTAGE TOKYO 78,Papelería y embalaje
1095,22372,AIRLINE BAG VINTAGE WORLD CHAMPION,Papelería y embalaje
1096,22374,AIRLINE BAG VINTAGE JET SET RED,Papelería y embalaje
1097,22375,AIRLINE BAG VINTAGE JET SET BROWN,Papelería y embalaje
1098,22376,AIRLINE BAG VINTAGE JET SET WHITE,Papelería y embalaje
1099,22377,BOTTLE BAG RETROSPOT,Papelería y embalaje
1100,22378,WALL TIDY RETROSPOT,Otros
1101,22379,RECYCLING BAG RETROSPOT,Papelería y embalaje
1102,22380,TOY TIDY SPACEBOY,Juguetes
1103,22381,TOY TIDY PINK POLKADOT,Juguetes
1104,22382,LUNCH BAG SPACEBOY DESIGN,Papelería y embalaje
1105,22383,LUNCH BAG SUKI DESIGN,Papelería y embalaje
1106,22384,LUNCH BAG PINK POLKADOT,Papelería y embalaje
1107,22385,JUMBO BAG SPACEBOY DESIGN,Papelería y embalaje
1108,22386,JUMBO BAG PINK POLKADOT,Papelería y embalaje
1109,22389,PAPERWEIGHT SAVE THE PLANET,Papelería y embalaje
1110,22390,PAPERWEIGHT CHILDHOOD MEMORIES,Papelería y embalaje
1111,22391,PAPERWEIGHT HOME SWEET HOME,Papelería y embalaje
1112,22393,PAPERWEIGHT VINTAGE COLLAGE,Papelería y embalaje
1113,22394,PAPERWEIGHT KINGS CHOICE,Papelería y embalaje
1114,22395,PAPERWEIGHT VINTAGE PAISLEY,Papelería y embalaje
1115,22396,MAGNETS PACK OF 4 RETRO PHOTO,Otros
1116,22398,MAGNETS PACK OF 4 SWALLOWS,Otros
1117,22399,MAGNETS PACK OF 4 CHILDHOOD MEMORY,Otros
1118,22400,MAGNETS PACK OF 4 HOME SWEET HOME,Otros
1119,22402,MAGNETS PACK OF 4 VINTAGE COLLAGE,Otros
1120,22403,MAGNETS PACK OF 4 VINTAGE LABELS,Otros
1121,22405,MONEY BOX POCKET MONEY DESIGN,Papelería y embalaje
1122,22406,MONEY BOX KINGS CHOICE DESIGN,Papelería y embalaje
1123,22407,MONEY BOX FIRST ADE DESIGN,Papelería y embalaje
1124,22408,MONEY BOX CONFECTIONERY DESIGN,Papelería y embalaje
1125,22409,MONEY BOX BISCUITS DESIGN,Papelería y embalaje
1126,22410,MONEY BOX HOUSEKEEPING DESIGN,Papelería y embalaje
1127,22411,JUMBO SHOPPER VINTAGE RED PAISLEY,Otros
1128,22412,METAL SIGN NEIGHBOURHOOD WITCH,Otros
1129,22413,METAL SIGN TAKE IT OR LEAVE IT,Otros
1130,22414,DOORMAT NEIGHBOURHOOD WITCH,Otros
1131,22416,SET OF 36 SPACEBOY PAPER DOILIES,Papelería y embalaje
1132,22417,PACK OF 60 SPACEBOY CAKE CASES,Otros
1133,22418,10 COLOUR SPACEBOY PEN,Otros
1134,22419,LIPSTICK PEN RED,Otros
1135,22420,LIPSTICK PEN BABY PINK,Otros
1136,22421,LIPSTICK PEN FUSCHIA,Otros
1137,22422,TOOTHPASTE TUBE PEN,Otros
1138,22423,REGENCY CAKESTAND 3 TIER,Otros
1139,22424,ENAMEL BREAD BIN CREAM,Otros
1140,22425,ENAMEL COLANDER CREAM,Otros
1141,22426,ENAMEL WASH BOWL CREAM,Cocina y vajilla
1142,22427,ENAMEL FLOWER JUG CREAM,Otros
1143,22428,ENAMEL FIRE BUCKET CREAM,Otros
1144,22429,ENAMEL MEASURING JUG CREAM,Otros
1145,22430,ENAMEL WATERING CAN CREAM,Otros
1146,22431,WATERING CAN BLUE ELEPHANT,Otros
1147,22432,WATERING CAN PINK BUNNY,Otros
1148,22433,WATERING CAN GREEN DINOSAUR,Otros
1149,22434,BALLOON PUMP WITH 10 BALLOONS,Otros
1150,22435,SET OF 9 HEART SHAPED BALLOONS,Otros
1151,22436,12 COLOURED PARTY BALLOONS,Otros
1152,22437,SET OF 9 BLACK SKULL BALLOONS,Otros
1153,22438,BALLOON ART MAKE YOUR OWN FLOWERS,Otros
1154,22439,6 ROCKET BALLOONS,Otros
1155,22440,BALLOON WATER BOMB PACK OF 35,Otros
1156,22441,GROW YOUR OWN BASIL IN ENAMEL MUG,Cocina y vajilla
1157,22442,GROW YOUR OWN FLOWERS SET OF 3,Otros
1158,22443,GROW YOUR OWN HERBS SET OF 3,Otros
1159,22444,GROW YOUR OWN PLANT IN A CAN,Otros
1160,22445,PENCIL CASE LIFE IS BEAUTIFUL,Otros
1161,22446,PIN CUSHION BABUSHKA PINK,Otros
1162,22447,PIN CUSHION BABUSHKA BLUE,Otros
1163,22448,PIN CUSHION BABUSHKA RED,Otros
1164,22449,SILK PURSE BABUSHKA PINK,Otros
1165,22450,SILK PURSE BABUSHKA BLUE,Otros
1166,22451,SILK PURSE BABUSHKA RED,Otros
1167,22452,MEASURING TAPE BABUSHKA PINK,Otros
1168,22453,MEASURING TAPE BABUSHKA BLUE,Otros
1169,22454,MEASURING TAPE BABUSHKA RED,Otros
1170,22456,NATURAL SLATE CHALKBOARD LARGE,Otros
1171,22457,NATURAL SLATE HEART CHALKBOARD,Otros
1172,22458,CAST IRON HOOK GARDEN FORK,Otros
1173,22459,CAST IRON HOOK GARDEN TROWEL,Otros
1174,22460,EMBOSSED GLASS TEALIGHT HOLDER,Iluminación
1175,22461,SAVOY ART DECO CLOCK,Otros
1176,22464,HANGING METAL HEART LANTERN,Decoración del hogar
1177,22465,HANGING METAL STAR LANTERN,Navidad y temporada
1178,22466,FAIRY TALE COTTAGE NIGHT LIGHT,Iluminación
1179,22467,GUMBALL COAT RACK,Otros
1180,22468,BABUSHKA LIGHTS STRING OF 10,Iluminación
1181,22469,HEART OF WICKER SMALL,Otros
1182,22470,HEART OF WICKER LARGE,Otros
1183,22471,TV DINNER TRAY AIR HOSTESS,Otros
1184,22472,TV DINNER TRAY DOLLY GIRL,Juguetes
1185,22473,TV DINNER TRAY VINTAGE PAISLEY,Otros
1186,22474,SPACEBOY TV DINNER TRAY,Otros
1187,22475,SKULL DESIGN TV DINNER TRAY,Otros
1188,22476,EMPIRE UNION JACK TV DINNER TRAY,Otros
1189,22477,WATERING CAN GARDEN MARKER,Otros
1190,22478,BIRDHOUSE GARDEN MARKER,Otros
1191,22479,DAISY GARDEN MARKER,Otros
1192,22480,RED TEA TOWEL CLASSIC DESIGN,Otros
1193,22481,BLACK TEA TOWEL CLASSIC DESIGN,Otros
1194,22482,BLUE TEA TOWEL CLASSIC DESIGN,Otros
1195,22483,RED GINGHAM TEDDY BEAR,Otros
1196,22485,SET OF 2 WOODEN MARKET CRATES,Otros
1197,22486,PLASMATRONIC LAMP,Iluminación
1198,22487,WHITE WOOD GARDEN PLANT LADDER,Otros
1199,22488,NATURAL SLATE RECTANGLE CHALKBOARD,Otros
1200,22489,PACK OF 12 TRADITIONAL CRAYONS,Otros
1201,22491,PACK OF 12 COLOURED PENCILS,Otros
1202,22492,MINI PAINT SET VINTAGE,Otros
1203,22493,PAINT YOUR OWN CANVAS SET,Otros
1204,22494,EMERGENCY FIRST AID TIN,Otros
1205,22495,SET OF 2 ROUND TINS CAMEMBERT,Otros
1206,22496,SET OF 2 ROUND TINS DUTCH CHEESE,Otros
1207,22497,SET OF 2 TINS VINTAGE BATHROOM,Otros
1208,22498,WOODEN REGATTA BUNTING,Otros
1209,22499,WOODEN UNION JACK BUNTING,Otros
1210,22500,SET OF 2 TINS JARDIN DE PROVENCE,Otros
1211,22501,PICNIC BASKET WICKER LARGE,Otros
1212,22502,PICNIC BASKET WICKER SMALL,Otros
1213,22503,CABIN BAG VINTAGE PAISLEY,Papelería y embalaje
1214,22504,CABIN BAG VINTAGE RETROSPOT,Papelería y embalaje
1215,22505,MEMO BOARD COTTAGE DESIGN,Otros
1216,22507,MEMO BOARD RETROSPOT  DESIGN,Otros
1217,22508,DOORSTOP RETROSPOT HEART,Otros
1218,22509,SEWING BOX RETROSPOT DESIGN,Papelería y embalaje
1219,22510,GINGHAM BABUSHKA DOORSTOP,Otros
1220,22511,RETROSPOT BABUSHKA DOORSTOP,Otros
1221,22512,DOORSTOP RACING CAR DESIGN,Otros
1222,22513,DOORSTOP FOOTBALL DESIGN,Otros
1223,22514,CHILDS GARDEN SPADE BLUE,Otros
1224,22515,CHILDS GARDEN SPADE PINK,Otros
1225,22516,CHILDS GARDEN RAKE BLUE,Otros
1226,22517,CHILDS GARDEN RAKE PINK,Otros
1227,22518,CHILDS GARDEN BRUSH BLUE,Otros
1228,22519,CHILDS GARDEN BRUSH PINK,Otros
1229,22520,CHILDS GARDEN TROWEL BLUE,Otros
1230,22521,CHILDS GARDEN TROWEL PINK,Otros
1231,22522,CHILDS GARDEN FORK BLUE,Otros
1232,22523,CHILDS GARDEN FORK PINK,Otros
1233,22524,CHILDRENS GARDEN GLOVES BLUE,Otros
1234,22525,CHILDRENS GARDEN GLOVES PINK,Otros
1235,22526,WHEELBARROW FOR CHILDREN,Otros
1236,22529,MAGIC DRAWING SLATE GO TO THE FAIR,Otros
1237,22530,MAGIC DRAWING SLATE DOLLY GIRL,Juguetes
1238,22531,MAGIC DRAWING SLATE CIRCUS PARADE,Otros
1239,22532,MAGIC DRAWING SLATE LEAP FROG,Otros
1240,22533,MAGIC DRAWING SLATE BAKE A CAKE,Otros
1241,22534,MAGIC DRAWING SLATE SPACEBOY,Otros
1242,22535,MAGIC DRAWING SLATE BUNNIES,Otros
1243,22536,MAGIC DRAWING SLATE PURDEY,Otros
1244,22537,MAGIC DRAWING SLATE DINOSAUR,Otros
1245,22538,MINI JIGSAW GO TO THE FAIR,Otros
1246,22539,MINI JIGSAW DOLLY GIRL,Juguetes
1247,22540,MINI JIGSAW CIRCUS PARADE,Otros
1248,22541,MINI JIGSAW LEAP FROG,Otros
1249,22543,MINI JIGSAW BAKE A CAKE,Otros
1250,22544,MINI JIGSAW SPACEBOY,Otros
1251,22545,MINI JIGSAW BUNNIES,Otros
1252,22546,MINI JIGSAW PURDEY,Otros
1253,22547,MINI JIGSAW DINOSAUR,Otros
1254,22548,HEADS AND TAILS SPORTING FUN,Otros
1255,22549,PICTURE DOMINOES,Otros
1256,22550,HOLIDAY FUN LUDO,Otros
1257,22551,PLASTERS IN TIN SPACEBOY,Otros
1258,22553,PLASTERS IN TIN SKULLS,Otros
1259,22554,PLASTERS IN TIN WOODLAND ANIMALS,Otros
1260,22555,PLASTERS IN TIN STRONGMAN,Otros
1261,22556,PLASTERS IN TIN CIRCUS PARADE,Otros
1262,22557,PLASTERS IN TIN VINTAGE PAISLEY,Otros
1263,22558,CLOTHES PEGS RETROSPOT PACK 24,Otros
1264,22559,SEASIDE FLYING DISC,Otros
1265,22560,TRADITIONAL MODELLING CLAY,Otros
1266,22561,WOODEN SCHOOL COLOURING SET,Otros
1267,22562,MONSTERS STENCIL CRAFT,Otros
1268,22563,HAPPY STENCIL CRAFT,Otros
1269,22564,ALPHABET STENCIL CRAFT,Otros
1270,22565,FELTCRAFT HAIRBANDS PINK AND WHITE,Otros
1271,22566,FELTCRAFT HAIRBAND PINK AND PURPLE,Otros
1272,22567,20 DOLLY PEGS RETROSPOT,Juguetes
1273,22568,FELTCRAFT CUSHION OWL,Otros
1274,22569,FELTCRAFT CUSHION BUTTERFLY,Otros
1275,22570,FELTCRAFT CUSHION RABBIT,Otros
1276,22571,ROCKING HORSE RED CHRISTMAS,Navidad y temporada
1277,22572,ROCKING HORSE GREEN CHRISTMAS,Navidad y temporada
1278,22573,STAR WOODEN CHRISTMAS DECORATION,Navidad y temporada
1279,22574,HEART WOODEN CHRISTMAS DECORATION,Navidad y temporada
1280,22575,METAL MERRY CHRISTMAS WREATH,Navidad y temporada
1281,22576,SWALLOW WOODEN CHRISTMAS DECORATION,Navidad y temporada
1282,22577,WOODEN HEART CHRISTMAS SCANDINAVIAN,Navidad y temporada
1283,22578,WOODEN STAR CHRISTMAS SCANDINAVIAN,Navidad y temporada
1284,22579,WOODEN TREE CHRISTMAS SCANDINAVIAN,Navidad y temporada
1285,22580,ADVENT CALENDAR GINGHAM SACK,Otros
1286,22581,WOOD STOCKING CHRISTMAS SCANDISPOT,Navidad y temporada
1287,22582,PACK OF 6 SWEETIE GIFT BOXES,Papelería y embalaje
1288,22583,PACK OF 6 HANDBAG GIFT BOXES,Papelería y embalaje
1289,22584,PACK OF 6 PANETTONE GIFT BOXES,Papelería y embalaje
1290,22585,PACK OF 6 BIRDY GIFT TAGS,Otros
1291,22586,FELTCRAFT HAIRBAND PINK AND BLUE,Otros
1292,22587,FELTCRAFT HAIRBAND RED AND BLUE,Otros
1293,22588,CARD HOLDER GINGHAM HEART,Otros
1294,22589,CARDHOLDER GINGHAM STAR,Navidad y temporada
1295,22591,CARDHOLDER GINGHAM CHRISTMAS TREE,Navidad y temporada
1296,22592,CARDHOLDER HOLLY WREATH METAL,Otros
1297,22593,CHRISTMAS GINGHAM STAR,Navidad y temporada
1298,22594,CHRISTMAS GINGHAM TREE,Navidad y temporada
1299,22595,GINGHAM HEART DECORATION,Otros
1300,22596,CHRISTMAS STAR WISH LIST CHALKBOARD,Navidad y temporada
1301,22597,MUSICAL ZINC HEART DECORATION,Otros
1302,22598,CHRISTMAS MUSICAL ZINC TREE,Navidad y temporada
1303,22599,CHRISTMAS MUSICAL ZINC STAR,Navidad y temporada
1304,22600,CHRISTMAS RETROSPOT STAR WOOD,Navidad y temporada
1305,22601,CHRISTMAS RETROSPOT ANGEL WOOD,Navidad y temporada
1306,22602,RETROSPOT WOODEN HEART DECORATION,Otros
1307,22603,CHRISTMAS RETROSPOT TREE WOOD,Navidad y temporada
1308,22604,SET OF 4 NAPKIN CHARMS CUTLERY,Otros
1309,22605,WOODEN CROQUET GARDEN SET,Otros
1310,22606,WOODEN SKITTLES GARDEN SET,Otros
1311,22607,WOODEN ROUNDERS GARDEN SET,Otros
1312,22608,PENS ASSORTED FUNKY JEWELED,Otros
1313,22609,PENS ASSORTED SPACEBALL,Otros
1314,22610,PENS ASSORTED FUNNY FACE,Otros
1315,22611,VINTAGE UNION JACK SHOPPING BAG,Papelería y embalaje
1316,22613,PACK OF 20 SPACEBOY NAPKINS,Otros
1317,22614,PACK OF 12 SPACEBOY TISSUES,Otros
1318,22615,PACK OF 12 CIRCUS PARADE TISSUES,Otros
1319,22616,PACK OF 12 LONDON TISSUES,Otros
1320,22617,BAKING SET SPACEBOY DESIGN,Otros
1321,22618,COOKING SET RETROSPOT,Otros
1322,22619,SET OF 6 SOLDIER SKITTLES,Otros
1323,22620,4 TRADITIONAL SPINNING TOPS,Otros
1324,22621,TRADITIONAL KNITTING NANCY,Otros
1325,22622,BOX OF VINTAGE ALPHABET BLOCKS,Papelería y embalaje
1326,22623,BOX OF VINTAGE JIGSAW BLOCKS,Papelería y embalaje
1327,22624,IVORY KITCHEN SCALES,Otros
1328,22625,RED KITCHEN SCALES,Otros
1329,22626,BLACK KITCHEN SCALES,Otros
1330,22627,MINT KITCHEN SCALES,Otros
1331,22628,PICNIC BOXES SET OF 3 RETROSPOT,Papelería y embalaje
1332,22629,SPACEBOY LUNCH BOX,Papelería y embalaje
1333,22630,DOLLY GIRL LUNCH BOX,Papelería y embalaje
1334,22631,CIRCUS PARADE LUNCH BOX,Papelería y embalaje
1335,22632,HAND WARMER RED RETROSPOT,Otros
1336,22633,HAND WARMER UNION JACK,Otros
1337,22634,CHILDS BREAKFAST SET SPACEBOY,Otros
1338,22635,CHILDS BREAKFAST SET DOLLY GIRL,Juguetes
1339,22636,CHILDS BREAKFAST SET CIRCUS PARADE,Otros
1340,22637,PIGGY BANK RETROSPOT,Otros
1341,22638,SET OF 4 NAPKIN CHARMS CROWNS,Otros
1342,22639,SET OF 4 NAPKIN CHARMS HEARTS,Otros
1343,22640,SET OF 4 NAPKIN CHARMS 3 KEYS,Otros
1344,22641,SET OF 4 NAPKIN CHARMS INSTRUMENT,Otros
1345,22642,SET OF 4 NAPKIN CHARMS STARS,Navidad y temporada
1346,22643,SET OF 4 NAPKIN CHARMS LEAVES,Otros
1347,22644,CERAMIC CHERRY CAKE MONEY BANK,Otros
1348,22645,CERAMIC HEART FAIRY CAKE MONEY BANK,Otros
1349,22646,CERAMIC STRAWBERRY CAKE MONEY BANK,Otros
1350,22647,CERAMIC LOVE HEART MONEY BANK,Otros
1351,22649,STRAWBERRY FAIRY CAKE TEAPOT,Otros
1352,22650,CERAMIC PIRATE CHEST MONEY BANK,Otros
1353,22651,GENTLEMAN SHIRT REPAIR KIT,Otros
1354,22652,TRAVEL SEWING KIT,Otros
1355,22653,BUTTON BOX,Papelería y embalaje
1356,22654,DELUXE SEWING KIT,Otros
1357,22656,VINTAGE BLUE KITCHEN CABINET,Otros
1358,22659,LUNCH BOX I LOVE LONDON,Papelería y embalaje
1359,22660,DOORMAT I LOVE LONDON,Otros
1360,22661,CHARLOTTE BAG DOLLY GIRL DESIGN,Papelería y embalaje
1361,22662,LUNCH BAG DOLLY GIRL DESIGN,Papelería y embalaje
1362,22663,JUMBO BAG DOLLY GIRL DESIGN,Papelería y embalaje
1363,22664,TOY TIDY DOLLY GIRL DESIGN,Juguetes
1364,22665,RECIPE BOX BLUE SKETCHBOOK DESIGN,Papelería y embalaje
1365,22666,RECIPE BOX PANTRY YELLOW DESIGN,Papelería y embalaje
1366,22667,RECIPE BOX RETROSPOT,Papelería y embalaje
1367,22668,PINK BABY BUNTING,Otros
1368,22669,RED BABY BUNTING,Otros
1369,22670,FRENCH WC SIGN BLUE METAL,Otros
1370,22671,FRENCH LAUNDRY SIGN BLUE METAL,Otros
1371,22672,FRENCH BATHROOM SIGN BLUE METAL,Otros
1372,22673,FRENCH GARDEN SIGN BLUE METAL,Otros
1373,22674,FRENCH TOILET SIGN BLUE METAL,Otros
1374,22675,FRENCH KITCHEN SIGN BLUE METAL,Otros
1375,22676,FRENCH BLUE METAL DOOR SIGN 1,Otros
1376,22677,FRENCH BLUE METAL DOOR SIGN 2,Otros
1377,22678,FRENCH BLUE METAL DOOR SIGN 3,Otros
1378,22679,FRENCH BLUE METAL DOOR SIGN 4,Otros
1379,22680,FRENCH BLUE METAL DOOR SIGN 5,Otros
1380,22681,FRENCH BLUE METAL DOOR SIGN 6,Otros
1381,22682,FRENCH BLUE METAL DOOR SIGN 7,Otros
1382,22683,FRENCH BLUE METAL DOOR SIGN 8,Otros
1383,22684,FRENCH BLUE METAL DOOR SIGN 9,Otros
1384,22685,FRENCH BLUE METAL DOOR SIGN 0,Otros
1385,22686,FRENCH BLUE METAL DOOR SIGN No,Otros
1386,22687,DOORMAT CHRISTMAS VILLAGE,Navidad y temporada
1387,22688,DOORMAT PEACE ON EARTH BLUE,Otros
1388,22689,DOORMAT MERRY CHRISTMAS RED,Navidad y temporada
1389,22690,DOORMAT HOME SWEET HOME BLUE,Otros
1390,22691,DOORMAT WELCOME SUNRISE,Otros
1391,22692,DOORMAT WELCOME TO OUR HOME,Otros
1392,22693,GROW A FLYTRAP OR SUNFLOWER IN TIN,Otros
1393,22694,WICKER STAR,Navidad y temporada
1394,22695,WICKER WREATH SMALL,Otros
1395,22696,WICKER WREATH LARGE,Otros
1396,22697,GREEN REGENCY TEACUP AND SAUCER,Cocina y vajilla
1397,22698,PINK REGENCY TEACUP AND SAUCER,Cocina y vajilla
1398,22699,ROSES REGENCY TEACUP AND SAUCER,Cocina y vajilla
1399,22700,BLACK AND WHITE DOG BOWL,Cocina y vajilla
1400,22701,PINK DOG BOWL,Cocina y vajilla
1401,22702,BLACK AND WHITE CAT BOWL,Cocina y vajilla
1402,22703,PINK CAT BOWL,Cocina y vajilla
1403,22704,WRAP RED APPLES,Otros
1404,22705,WRAP GREEN PEARS,Otros
1405,22706,WRAP COWBOYS,Otros
1406,22707,WRAP MONSTER FUN,Otros
1407,22708,WRAP DOLLY GIRL,Juguetes
1408,22709,WRAP WEDDING DAY,Otros
1409,22710,WRAP I LOVE LONDON,Otros
1410,22711,WRAP CIRCUS PARADE,Otros
1411,22712,CARD DOLLY GIRL,Juguetes
1412,22713,CARD I LOVE LONDON,Otros
1413,22714,CARD BIRTHDAY COWBOY,Otros
1414,22715,CARD WEDDING DAY,Otros
1415,22716,CARD CIRCUS PARADE,Otros
1416,22717,CARD DOG AND BALL,Otros
1417,22718,CARD CAT AND TREE,Navidad y temporada
1418,22719,GUMBALL MONOCHROME COAT RACK,Otros
1419,22720,SET OF 3 CAKE TINS PANTRY DESIGN,Otros
1420,22721,SET OF 3 CAKE TINS SKETCHBOOK,Otros
1421,22722,SET OF 6 SPICE TINS PANTRY DESIGN,Otros
1422,22723,SET OF 6 HERB TINS SKETCHBOOK,Otros
1423,22725,ALARM CLOCK BAKELIKE CHOCOLATE,Otros
1424,22726,ALARM CLOCK BAKELIKE GREEN,Otros
1425,22727,ALARM CLOCK BAKELIKE RED,Otros
1426,22728,ALARM CLOCK BAKELIKE PINK,Otros
1427,22729,ALARM CLOCK BAKELIKE ORANGE,Otros
1428,22730,ALARM CLOCK BAKELIKE IVORY,Otros
1429,22731,3D CHRISTMAS STAMPS STICKERS,Navidad y temporada
1430,22732,3D VINTAGE CHRISTMAS STICKERS,Navidad y temporada
1431,22733,3D TRADITIONAL CHRISTMAS STICKERS,Navidad y temporada
1432,22734,SET OF 6 RIBBONS VINTAGE CHRISTMAS,Navidad y temporada
1433,22735,RIBBON REEL SOCKS AND MITTENS,Otros
1434,22736,RIBBON REEL MAKING SNOWMEN,Otros
1435,22737,RIBBON REEL CHRISTMAS PRESENT,Navidad y temporada
1436,22738,RIBBON REEL SNOWY VILLAGE,Otros
1437,22739,RIBBON REEL CHRISTMAS SOCK BAUBLE,Navidad y temporada
1438,22740,POLKADOT PEN,Otros
1439,22741,FUNKY DIVA PEN,Otros
1440,22742,MAKE YOUR OWN PLAYTIME CARD KIT,Otros
1441,22743,MAKE YOUR OWN FLOWERPOWER CARD KIT,Otros
1442,22744,MAKE YOUR OWN MONSOON CARD KIT,Otros
1443,22745,POPPY'S PLAYHOUSE BEDROOM,Otros
1444,22746,POPPY'S PLAYHOUSE LIVINGROOM,Otros
1445,22747,POPPY'S PLAYHOUSE BATHROOM,Otros
1446,22748,POPPY'S PLAYHOUSE KITCHEN,Otros
1447,22749,FELTCRAFT PRINCESS CHARLOTTE DOLL,Juguetes
1448,22750,FELTCRAFT PRINCESS LOLA DOLL,Juguetes
1449,22751,FELTCRAFT PRINCESS OLIVIA DOLL,Juguetes
1450,22752,SET 7 BABUSHKA NESTING BOXES,Papelería y embalaje
1451,22753,SMALL YELLOW BABUSHKA NOTEBOOK,Otros
1452,22754,SMALL RED BABUSHKA NOTEBOOK,Otros
1453,22755,SMALL PURPLE BABUSHKA NOTEBOOK,Otros
1454,22756,LARGE YELLOW BABUSHKA NOTEBOOK,Otros
1455,22757,LARGE RED BABUSHKA NOTEBOOK,Otros
1456,22758,LARGE PURPLE BABUSHKA NOTEBOOK,Otros
1457,22759,SET OF 3 NOTEBOOKS IN PARCEL,Otros
1458,22760,"TRAY, BREAKFAST IN BED",Otros
1459,22761,CHEST 7 DRAWER MA CAMPAGNE,Otros
1460,22762,CUPBOARD 3 DRAWER MA CAMPAGNE,Cocina y vajilla
1461,22763,KEY CABINET MA CAMPAGNE,Otros
1462,22764,"RUSTIC WOODEN CABINET, GLASS DOORS",Otros
1463,22765,NEWSPAPER STAND,Papelería y embalaje
1464,22766,PHOTO FRAME CORNICE,Otros
1465,22767,TRIPLE PHOTO FRAME CORNICE,Otros
1466,22768,FAMILY PHOTO FRAME CORNICE,Otros
1467,22770,MIRROR CORNICE,Otros
1468,22771,CLEAR DRAWER KNOB ACRYLIC EDWARDIAN,Otros
1469,22772,PINK DRAWER KNOB ACRYLIC EDWARDIAN,Otros
1470,22773,GREEN DRAWER KNOB ACRYLIC EDWARDIAN,Otros
1471,22774,RED DRAWER KNOB ACRYLIC EDWARDIAN,Otros
1472,22775,PURPLE DRAWERKNOB ACRYLIC EDWARDIAN,Otros
1473,22776,SWEETHEART 3 TIER CAKE STAND,Otros
1474,22777,GLASS CLOCHE LARGE,Otros
1475,22778,GLASS CLOCHE SMALL,Otros
1476,22779,WOODEN OWLS LIGHT GARLAND,Iluminación
1477,22780,LIGHT GARLAND BUTTERFILES PINK,Iluminación
1478,22781,GUMBALL MAGAZINE RACK,Otros
1479,22782,SET 3 WICKER STORAGE BASKETS,Otros
1480,22783,SET 3 WICKER OVAL BASKETS W LIDS,Otros
1481,22784,LANTERN CREAM GAZEBO,Decoración del hogar
1482,22785,SQUARECUSHION COVER PINK UNION FLAG,Otros
1483,22786,CUSHION COVER PINK UNION JACK,Otros
1484,22788,BROCANTE COAT RACK,Otros
1485,22789,T-LIGHT HOLDER SWEETHEART HANGING,Iluminación
1486,22791,T-LIGHT GLASS FLUTED ANTIQUE,Iluminación
1487,22792,FLUTED ANTIQUE CANDLE HOLDER,Decoración del hogar
1488,22794,SWEETHEART WIRE MAGAZINE RACK,Otros
1489,22795,SWEETHEART RECIPE BOOK STAND,Otros
1490,22796,PHOTO FRAME 3 CLASSIC HANGING,Otros
1491,22797,CHEST OF DRAWERS GINGHAM HEART,Otros
1492,22798,ANTIQUE GLASS DRESSING TABLE POT,Otros
1493,22799,SWEETHEART WIRE FRUIT BOWL,Cocina y vajilla
1494,22800,ANTIQUE TALL SWIRLGLASS TRINKET POT,Otros
1495,22801,ANTIQUE GLASS PEDESTAL BOWL,Cocina y vajilla
1496,22802,FAUX FUR CHOCOLATE THROW,Otros
1497,22804,PINK HANGING HEART T-LIGHT HOLDER,Iluminación
1498,22805,BLUE DRAWER KNOB ACRYLIC EDWARDIAN,Otros
1499,22806,SET OF 6 T-LIGHTS WEDDING CAKE,Iluminación
1500,22807,SET OF 6 T-LIGHTS TOADSTOOLS,Iluminación
1501,22808,SET OF 6 T-LIGHTS EASTER CHICKS,Iluminación
1502,22809,SET OF 6 T-LIGHTS SANTA,Iluminación
1503,22810,SET OF 6 T-LIGHTS SNOWMEN,Iluminación
1504,22811,SET OF 6 T-LIGHTS CACTI,Iluminación
1505,22812,PACK 3 BOXES CHRISTMAS PANETTONE,Navidad y temporada
1506,22813,PACK 3 BOXES BIRD PANETTONE,Papelería y embalaje
1507,22814,CARD PARTY GAMES,Otros
1508,22815,CARD PSYCHEDELIC APPLES,Otros
1509,22816,CARD MOTORBIKE SANTA,Otros
1510,22817,CARD SUKI BIRTHDAY,Otros
1511,22818,CARD CHRISTMAS VILLAGE,Navidad y temporada
1512,22819,"BIRTHDAY CARD, RETRO SPOT",Otros
1513,22820,GIFT BAG BIRTHDAY,Papelería y embalaje
1514,22821,GIFT BAG PSYCHEDELIC APPLES,Papelería y embalaje
1515,22822,CREAM WALL PLANTER HEART SHAPED,Otros
1516,22824,3 TIER SWEETHEART GARDEN SHELF,Otros
1517,22825,DECORATIVE PLANT POT WITH FRIEZE,Otros
1518,22826,LOVE SEAT ANTIQUE WHITE METAL,Otros
1519,22827,RUSTIC  SEVENTEEN DRAWER SIDEBOARD,Otros
1520,22828,REGENCY MIRROR WITH SHUTTERS,Otros
1521,22829,SWEETHEART WIRE WALL TIDY,Otros
1522,22830,UTILTY CABINET WITH HOOKS,Otros
1523,22831,WHITE BROCANTE SOAP DISH,Otros
1524,22832,BROCANTE SHELF WITH HOOKS,Otros
1525,22834,HAND WARMER BABUSHKA DESIGN,Otros
1526,22835,HOT WATER BOTTLE I AM SO POORLY,Otros
1527,22837,HOT WATER BOTTLE BABUSHKA,Otros
1528,22838,3 TIER CAKE TIN RED AND CREAM,Otros
1529,22839,3 TIER CAKE TIN GREEN AND CREAM,Otros
1530,22840,ROUND CAKE TIN VINTAGE RED,Otros
1531,22841,ROUND CAKE TIN VINTAGE GREEN,Otros
1532,22842,BISCUIT TIN VINTAGE RED,Otros
1533,22843,BISCUIT TIN VINTAGE GREEN,Otros
1534,22844,VINTAGE CREAM DOG FOOD CONTAINER,Otros
1535,22845,VINTAGE CREAM CAT FOOD CONTAINER,Otros
1536,22846,BREAD BIN DINER STYLE RED,Otros
1537,22847,BREAD BIN DINER STYLE IVORY,Otros
1538,22848,BREAD BIN DINER STYLE PINK,Otros
1539,22849,BREAD BIN DINER STYLE MINT,Otros
1540,22851,SET 20 NAPKINS FAIRY CAKES DESIGN,Otros
1541,22852,DOG BOWL VINTAGE CREAM,Cocina y vajilla
1542,22853,CAT BOWL VINTAGE CREAM,Cocina y vajilla
1543,22854,CREAM SWEETHEART EGG HOLDER,Otros
1544,22855,FINE WICKER HEART,Otros
1545,22856,ASSORTED EASTER DECORATIONS  BELLS,Otros
1546,22857,ASSORTED EASTER GIFT TAGS,Otros
1547,22858,EASTER TIN KEEPSAKE,Otros
1548,22859,EASTER TIN BUNNY BOUQUET,Otros
1549,22860,EASTER TIN CHICKS PINK DAISY,Otros
1550,22861,EASTER TIN CHICKS IN GARDEN,Otros
1551,22862,LOVE HEART NAPKIN BOX,Papelería y embalaje
1552,22863,SOAP DISH BROCANTE,Otros
1553,22865,HAND WARMER OWL DESIGN,Otros
1554,22866,HAND WARMER SCOTTY DOG DESIGN,Otros
1555,22867,HAND WARMER BIRD DESIGN,Otros
1556,22868,NUMBER TILE COTTAGE GARDEN 0,Otros
1557,22869,NUMBER TILE COTTAGE GARDEN 1,Otros
1558,22872,NUMBER TILE COTTAGE GARDEN 4,Otros
1559,22874,NUMBER TILE COTTAGE GARDEN 6,Otros
1560,22875,NUMBER TILE COTTAGE GARDEN 7,Otros
1561,22881,NUMBER TILE VINTAGE FONT 2,Otros
1562,22882,NUMBER TILE VINTAGE FONT 3,Otros
1563,22883,NUMBER TILE VINTAGE FONT 4,Otros
1564,22884,NUMBER TILE VINTAGE FONT 5,Otros
1565,22886,NUMBER TILE VINTAGE FONT 7,Otros
1566,22888,NUMBER TILE VINTAGE FONT 9,Otros
1567,22890,NOVELTY BISCUITS CAKE STAND 3 TIER,Otros
1568,22891,TEA FOR ONE POLKADOT,Otros
1569,22892,SET OF SALT AND PEPPER TOADSTOOLS,Otros
1570,22893,MINI CAKE STAND T-LIGHT HOLDER,Iluminación
1571,22894,TABLECLOTH RED APPLES DESIGN,Otros
1572,22895,SET OF 2 TEA TOWELS APPLE AND PEARS,Otros
1573,22896,PEG BAG APPLES DESIGN,Papelería y embalaje
1574,22897,OVEN MITT APPLES DESIGN,Otros
1575,22898,CHILDRENS APRON APPLES DESIGN,Otros
1576,22899,CHILDREN'S APRON DOLLY GIRL,Juguetes
1577,22900,SET 2 TEA TOWELS I LOVE LONDON,Otros
1578,22902,TOTE BAG I LOVE LONDON,Papelería y embalaje
1579,22903,CALENDAR FAMILY FAVOURITES,Otros
1580,22904,CALENDAR PAPER CUT DESIGN,Papelería y embalaje
1581,22905,CALENDAR IN SEASON DESIGN,Otros
1582,22906,12 MESSAGE CARDS WITH ENVELOPES,Otros
1583,22907,PACK OF 20 NAPKINS PANTRY DESIGN,Otros
1584,22908,PACK OF 20 NAPKINS RED APPLES,Otros
1585,22909,SET OF 20 VINTAGE CHRISTMAS NAPKINS,Navidad y temporada
1586,22910,PAPER CHAIN KIT VINTAGE CHRISTMAS,Navidad y temporada
1587,22911,PAPER CHAIN KIT LONDON,Papelería y embalaje
1588,22912,YELLOW COAT RACK PARIS FASHION,Otros
1589,22913,RED COAT RACK PARIS FASHION,Otros
1590,22914,BLUE COAT RACK PARIS FASHION,Otros
1591,22915,ASSORTED BOTTLE TOP  MAGNETS,Otros
1592,22916,HERB MARKER THYME,Otros
1593,22917,HERB MARKER ROSEMARY,Otros
1594,22918,HERB MARKER PARSLEY,Otros
1595,22919,HERB MARKER MINT,Otros
1596,22920,HERB MARKER BASIL,Otros
1597,22921,HERB MARKER CHIVES,Otros
1598,22922,FRIDGE MAGNETS US DINER ASSORTED,Otros
1599,22923,FRIDGE MAGNETS LES ENFANTS ASSORTED,Otros
1600,22924,FRIDGE MAGNETS LA VIE EN ROSE,Otros
1601,22925,BLUE GIANT GARDEN THERMOMETER,Otros
1602,22926,IVORY GIANT GARDEN THERMOMETER,Otros
1603,22927,GREEN GIANT GARDEN THERMOMETER,Otros
1604,22928,YELLOW GIANT GARDEN THERMOMETER,Otros
1605,22929,SCHOOL DESK AND CHAIR,Otros
1606,22930,BAKING MOULD HEART MILK CHOCOLATE,Otros
1607,22931,BAKING MOULD HEART WHITE CHOCOLATE,Otros
1608,22932,BAKING MOULD TOFFEE CUP CHOCOLATE,Cocina y vajilla
1609,22933,BAKING MOULD EASTER EGG MILK CHOC,Otros
1610,22934,BAKING MOULD EASTER EGG WHITE CHOC,Otros
1611,22935,BAKING MOULD ROSE MILK CHOCOLATE,Otros
1612,22936,BAKING MOULD ROSE WHITE CHOCOLATE,Otros
1613,22937,BAKING MOULD CHOCOLATE CUPCAKES,Cocina y vajilla
1614,22938,CUPCAKE LACE PAPER SET 6,Cocina y vajilla
1615,22939,ADULT APRON APPLE DELIGHT,Iluminación
1616,22940,FELTCRAFT CHRISTMAS FAIRY,Navidad y temporada
1617,22941,CHRISTMAS LIGHTS 10 REINDEER,Navidad y temporada
1618,22942,CHRISTMAS LIGHTS 10 SANTAS,Navidad y temporada
1619,22943,CHRISTMAS LIGHTS 10 VINTAGE BAUBLES,Navidad y temporada
1620,22944,CHRISTMAS METAL POSTCARD WITH BELLS,Navidad y temporada
1621,22945,CHRISTMAS METAL TAGS ASSORTED,Navidad y temporada
1622,22946,WOODEN ADVENT CALENDAR CREAM,Otros
1623,22947,WOODEN ADVENT CALENDAR RED,Otros
1624,22948,METAL DECORATION NAUGHTY CHILDREN,Otros
1625,22949,SET OF 36 DOLLY GIRL PAPER DOILIES,Papelería y embalaje
1626,22950,SET OF 36 VINTAGE CHRISTMAS DOILIES,Navidad y temporada
1627,22951,60 CAKE CASES DOLLY GIRL DESIGN,Juguetes
1628,22952,60 CAKE CASES VINTAGE CHRISTMAS,Navidad y temporada
1629,22953,BIRTHDAY PARTY CORDON BARRIER TAPE,Otros
1630,22954,HEN PARTY CORDON BARRIER TAPE,Otros
1631,22955,36 FOIL STAR CAKE CASES,Navidad y temporada
1632,22956,36 FOIL HEART CAKE CASES,Otros
1633,22957,SET 3 PAPER VINTAGE CHICK PAPER EGG,Papelería y embalaje
1634,22959,WRAP CHRISTMAS VILLAGE,Navidad y temporada
1635,22960,JAM MAKING SET WITH JARS,Otros
1636,22961,JAM MAKING SET PRINTED,Otros
1637,22962,JAM JAR WITH PINK LID,Otros
1638,22963,JAM JAR WITH GREEN LID,Otros
1639,22964,3 PIECE SPACEBOY COOKIE CUTTER SET,Otros
1640,22965,3 TRADITIONAl BISCUIT CUTTERS  SET,Otros
1641,22966,GINGERBREAD MAN COOKIE CUTTER,Otros
1642,22967,SET 3 SONG BIRD PAPER EGGS ASSORTED,Papelería y embalaje
1643,22968,ROSE COTTAGE KEEPSAKE BOX,Papelería y embalaje
1644,22969,HOMEMADE JAM SCENTED CANDLES,Decoración del hogar
1645,22970,LONDON BUS COFFEE MUG,Cocina y vajilla
1646,22971,QUEENS GUARD COFFEE MUG,Cocina y vajilla
1647,22972,CHILDREN'S SPACEBOY MUG,Cocina y vajilla
1648,22973,CHILDREN'S CIRCUS PARADE MUG,Cocina y vajilla
1649,22974,CHILDRENS DOLLY GIRL MUG,Cocina y vajilla
1650,22975,SPACEBOY CHILDRENS EGG CUP,Cocina y vajilla
1651,22976,CIRCUS PARADE CHILDRENS EGG CUP,Cocina y vajilla
1652,22977,DOLLY GIRL CHILDRENS EGG CUP,Cocina y vajilla
1653,22978,PANTRY ROLLING PIN,Otros
1654,22979,PANTRY WASHING UP BRUSH,Otros
1655,22980,PANTRY SCRUBBING BRUSH,Otros
1656,22981,PANTRY APPLE CORER,Otros
1657,22982,PANTRY PASTRY BRUSH,Otros
1658,22983,CARD BILLBOARD FONT,Otros
1659,22984,CARD GINGHAM ROSE,Otros
1660,22985,WRAP BILLBOARD FONTS DESIGN,Otros
1661,22986,WRAP GINGHAM ROSE,Otros
1662,22988,SOLDIERS EGG CUP,Cocina y vajilla
1663,22989,SET 2 PANTRY DESIGN TEA TOWELS,Otros
1664,22990,COTTON APRON PANTRY DESIGN,Otros
1665,22991,GIRAFFE WOODEN RULER,Otros
1666,22992,REVOLVER WOODEN RULER,Otros
1667,22993,SET OF 4 PANTRY JELLY MOULDS,Otros
1668,22994,TRAVEL CARD WALLET RETROSPOT,Otros
1669,22995,TRAVEL CARD WALLET SUKI,Otros
1670,22996,TRAVEL CARD WALLET VINTAGE TICKET,Otros
1671,22997,TRAVEL CARD WALLET UNION JACK,Otros
1672,22998,TRAVEL CARD WALLET KEEP CALM,Otros
1673,22999,TRAVEL CARD WALLET VINTAGE LEAF,Otros
1674,23000,TRAVEL CARD WALLET TRANSPORT,Otros
1675,23002,TRAVEL CARD WALLET SKULLS,Otros
1676,23003,TRAVEL CARD WALLET VINTAGE ROSE,Otros
1677,23004,TRAVEL CARD WALLET PANTRY,Otros
1678,23005,TRAVEL CARD WALLET I LOVE LONDON,Otros
1679,23006,TRAVEL CARD WALLET FLOWER MEADOW,Otros
1680,23007,SPACEBOY BABY GIFT SET,Otros
1681,23008,DOLLY GIRL BABY GIFT SET,Juguetes
1682,23009,I LOVE LONDON BABY GIFT SET,Otros
1683,23010,CIRCUS PARADE BABY GIFT SET,Otros
1684,23012,GLASS APOTHECARY BOTTLE PERFUME,Otros
1685,23013,GLASS APOTHECARY BOTTLE TONIC,Otros
1686,23014,GLASS APOTHECARY BOTTLE ELIXIR,Otros
1687,23015,CORDIAL GLASS JUG,Otros
1688,23016,GLASS TWIST BON BON JAR,Otros
1689,23017,APOTHECARY MEASURING JAR,Otros
1690,23018,LARGE APOTHECARY MEASURING JAR,Otros
1691,23019,SMALL APOTHECARY MEASURING JAR,Otros
1692,23020,GLASS  SONGBIRD STORAGE JAR,Otros
1693,23021,GLASS BONNE JAM JAR,Otros
1694,23022,SMALL BONNE JAM JAR  T-LIGHT HOLDER,Iluminación
1695,23023,RIDGED BONNE JAM JAR T-LIGHT HOLDER,Iluminación
1696,23025,DRAWER KNOB VINTAGE GLASS BALL,Otros
1697,23026,DRAWER KNOB VINTAGE GLASS STAR,Navidad y temporada
1698,23028,DRAWER KNOB CRACKLE GLAZE BLUE,Otros
1699,23029,DRAWER KNOB CRACKLE GLAZE GREEN,Otros
1700,23031,DRAWER KNOB CRACKLE GLAZE PINK,Otros
1701,23032,DRAWER KNOB CRACKLE GLAZE IVORY,Otros
1702,23033,DRAWER KNOB CERAMIC RED,Otros
1703,23034,DRAWER KNOB CERAMIC BLACK,Otros
1704,23035,DRAWER KNOB CERAMIC IVORY,Otros
1705,23036,T-LIGHT HOLDER SILVER PETIT FOUR,Iluminación
1706,23037,CANDLE HOLDER SILVER MADELINE,Decoración del hogar
1707,23039,T-LIGHT HOLDER SILVER HEART HANDLE,Iluminación
1708,23040,PAPER LANTERN 9 POINT SNOW STAR,Navidad y temporada
1709,23041,PAPER LANTERN 9 POINT SNOW STAR,Navidad y temporada
1710,23042,PAPER LANTERN 7 POINT SNOW STAR,Navidad y temporada
1711,23043,PAPER LANTERN 9 POINT HOLLY STAR L,Navidad y temporada
1712,23044,PAPER LANTERN 9 POINT HOLLY STAR S,Navidad y temporada
1713,23045,PAPER LANTERN 5 POINT STAR MOON,Navidad y temporada
1714,23047,PAPER LANTERN 5 POINT SEQUIN STAR,Navidad y temporada
1715,23048,SET OF 10 LANTERNS FAIRY LIGHT STAR,Navidad y temporada
1716,23049,RECYCLED ACAPULCO MAT RED,Otros
1717,23050,RECYCLED ACAPULCO MAT GREEN,Otros
1718,23051,RECYCLED ACAPULCO MAT BLUE,Otros
1719,23052,RECYCLED ACAPULCO MAT TURQUOISE,Otros
1720,23053,RECYCLED ACAPULCO MAT PINK,Otros
1721,23054,RECYCLED ACAPULCO MAT LAVENDER,Otros
1722,23055,IVORY CHANDELIER T-LIGHT HOLDER,Iluminación
1723,23056,FLOWERS CHANDELIER T-LIGHT HOLDER,Iluminación
1724,23057,BEADED CHANDELIER T-LIGHT HOLDER,Iluminación
1725,23058,CHRISTMAS HANGING SNOWFLAKE,Navidad y temporada
1726,23060,HEART BEADED TRELLIS DECORATION,Otros
1727,23061,VINTAGE EMBOSSED HEART,Otros
1728,23064,CINDERELLA CHANDELIER,Otros
1729,23065,LARGE DECO JEWELLERY STAND,Otros
1730,23066,SMALL DECO JEWELLERY STAND,Otros
1731,23067,HANGING ENGRAVED METAL HEART,Otros
1732,23068,ALUMINIUM STAMPED HEART,Otros
1733,23069,EDWARDIAN PHOTO FRAME,Otros
1734,23071,MARIE ANTOINETTE TRINKET BOX GOLD,Papelería y embalaje
1735,23072,MARIE ANTOINETTE TRINKET BOX SILVER,Papelería y embalaje
1736,23073,GEORGIAN TRINKET BOX,Papelería y embalaje
1737,23074,EMBOSSED HEART TRINKET BOX,Papelería y embalaje
1738,23075,PARLOUR CERAMIC WALL HOOK,Otros
1739,23076,ICE CREAM SUNDAE LIP GLOSS,Otros
1740,23077,DOUGHNUT LIP GLOSS,Otros
1741,23078,ICE CREAM PEN LIP GLOSS,Otros
1742,23079,TOADSTOOL BEDSIDE LIGHT,Iluminación
1743,23080,RED METAL BOX TOP SECRET,Papelería y embalaje
1744,23081,GREEN METAL BOX ARMY SUPPLIES,Papelería y embalaje
1745,23082,SET 6 PAPER TABLE LANTERN HEARTS,Decoración del hogar
1746,23083,SET 6 PAPER TABLE LANTERN STARS,Navidad y temporada
1747,23084,RABBIT NIGHT LIGHT,Iluminación
1748,23085,ANTIQUE SILVER BAUBLE LAMP,Iluminación
1749,23086,ZINC  STAR T-LIGHT HOLDER,Navidad y temporada
1750,23087,ZINC  HEART T-LIGHT HOLDER,Iluminación
1751,23088,ZINC HEART FLOWER T-LIGHT HOLDER,Iluminación
1752,23089,GLASS BON BON JAR,Otros
1753,23090,VINTAGE GLASS T-LIGHT HOLDER,Iluminación
1754,23091,ZINC HERB GARDEN CONTAINER,Otros
1755,23092,LARGE ANTIQUE WHITE PHOTO FRAME,Otros
1756,23093,SMALL PARISIENNE HEART PHOTO FRAME,Otros
1757,23094,LE GRAND TRAY CHIC SET,Otros
1758,23096,PETIT TRAY CHIC,Otros
1759,23099,FRENCH CARRIAGE LANTERN,Decoración del hogar
1760,23100,SILVER BELLS TABLE DECORATION,Otros
1761,23101,SILVER STARS TABLE DECORATION,Navidad y temporada
1762,23102,SILVER HEARTS TABLE DECORATION,Otros
1763,23103,JINGLE BELL HEART DECORATION,Otros
1764,23104,IVORY CAFE HANGING LAMP,Iluminación
1765,23106,ZINC HEARTS PLANT POT HOLDER,Otros
1766,23107,WHITE HEARTS WIRE PLANT POT HOLDER,Otros
1767,23108,SET OF 10 LED DOLLY LIGHTS,Juguetes
1768,23109,PACK OF SIX LED TEA LIGHTS,Iluminación
1769,23110,PARISIENNE KEY CABINET,Otros
1770,23111,PARISIENNE SEWING BOX,Papelería y embalaje
1771,23112,PARISIENNE CURIO CABINET,Otros
1772,23113,PANTRY CHOPPING BOARD,Otros
1773,23114,VINTAGE LEAF CHOPPING BOARD,Otros
1774,23115,RED APPLES CHOPPING BOARD,Otros
1775,23116,VEGETABLE GARDEN CHOPPING BOARD,Otros
1776,23117,POPPY FIELDS CHOPPING BOARD,Otros
1777,23118,PARISIENNE JEWELLERY DRAWER,Otros
1778,23119,PACK OF 6 LARGE FRUIT STRAWS,Otros
1779,23120,PACK OF 6 SMALL FRUIT STRAWS,Otros
1780,23121,PACK OF 6 COCKTAIL PARASOL STRAWS,Otros
1781,23122,PARTY CHARMS 50 PIECES,Otros
1782,23123,COCKTAIL SWORDS 50 PIECES,Otros
1783,23124,18PC WOODEN CUTLERY SET DISPOSABLE,Otros
1784,23125,6PC WOOD PLATE SET DISPOSABLE,Cocina y vajilla
1785,23126,FELTCRAFT GIRL AMELIE KIT,Otros
1786,23127,FELTCRAFT GIRL NICOLE KIT,Otros
1787,23128,FELTCRAFT BOY JEAN-PAUL KIT,Otros
1788,23129,HEART SHAPED HOLLY WREATH,Otros
1789,23130,MISTLETOE HEART WREATH GREEN,Otros
1790,23131,MISTLETOE HEART WREATH CREAM,Otros
1791,23132,SMALL IVORY HEART WALL ORGANISER,Otros
1792,23133,LARGE IVORY HEART WALL ORGANISER,Otros
1793,23134,LARGE ZINC HEART WALL ORGANISER,Otros
1794,23135,SMALL ZINC HEART WALL ORGANISER,Otros
1795,23136,IVORY WIRE SWEETHEART LETTER TRAY,Otros
1796,23137,ZINC WIRE SWEETHEART LETTER TRAY,Otros
1797,23138,SINGLE WIRE HOOK IVORY HEART,Otros
1798,23139,SINGLE WIRE HOOK PINK HEART,Otros
1799,23140,TRIPLE WIRE HOOK IVORY HEART,Otros
1800,23141,TRIPLE WIRE HOOK PINK HEART,Otros
1801,23142,IVORY WIRE KITCHEN ORGANISER,Otros
1802,23143,ZINC WIRE KITCHEN ORGANISER,Otros
1803,23144,ZINC T-LIGHT HOLDER STARS SMALL,Navidad y temporada
1804,23145,ZINC T-LIGHT HOLDER STAR LARGE,Navidad y temporada
1805,23146,TRIPLE HOOK ANTIQUE IVORY ROSE,Otros
1806,23147,SINGLE ANTIQUE ROSE HOOK IVORY,Otros
1807,23148,MINIATURE ANTIQUE ROSE HOOK IVORY,Otros
1808,23149,ANTIQUE IVORY WIRE BOWL SMALL,Cocina y vajilla
1809,23150,IVORY SWEETHEART SOAP DISH,Otros
1810,23151,ZINC SWEETHEART SOAP DISH,Otros
1811,23152,IVORY SWEETHEART WIRE LETTER RACK,Otros
1812,23153,ZINC SWEETHEART WIRE LETTER RACK,Otros
1813,23154,SET OF 4 JAM JAR MAGNETS,Otros
1814,23155,KNICKERBOCKERGLORY MAGNET ASSORTED,Otros
1815,23156,SET OF 5 MINI GROCERY MAGNETS,Otros
1816,23157,SET OF 6 NATIVITY MAGNETS,Otros
1817,23158,SET OF 5 LUCKY CAT MAGNETS,Otros
1818,23159,SET OF 5 PANCAKE DAY MAGNETS,Otros
1819,23160,REGENCY TEA SPOON,Otros
1820,23161,REGENCY CAKE FORK,Otros
1821,23162,REGENCY TEA STRAINER,Otros
1822,23163,REGENCY SUGAR TONGS,Otros
1823,23164,REGENCY CAKE SLICE,Otros
1824,23165,LARGE CERAMIC TOP STORAGE JAR,Otros
1825,23166,MEDIUM CERAMIC TOP STORAGE JAR,Otros
1826,23167,SMALL CERAMIC TOP STORAGE JAR,Otros
1827,23168,CLASSIC CAFE SUGAR DISPENSER,Otros
1828,23169,CLASSIC GLASS COOKIE JAR,Otros
1829,23170,REGENCY TEA PLATE ROSES,Cocina y vajilla
1830,23171,REGENCY TEA PLATE GREEN,Cocina y vajilla
1831,23172,REGENCY TEA PLATE PINK,Cocina y vajilla
1832,23173,REGENCY TEAPOT ROSES,Otros
1833,23174,REGENCY SUGAR BOWL GREEN,Cocina y vajilla
1834,23175,REGENCY MILK JUG PINK,Otros
1835,23176,ABC TREASURE BOOK BOX,Papelería y embalaje
1836,23177,TREASURE ISLAND BOOK BOX,Papelería y embalaje
1837,23178,JAM CLOCK MAGNET,Otros
1838,23179,CLOCK MAGNET MUM'S KITCHEN,Otros
1839,23180,MUM'S KITCHEN CLOCK,Otros
1840,23181,BULL DOG BOTTLE TOP WALL CLOCK,Otros
1841,23182,TOILET SIGN OCCUPIED OR VACANT,Cocina y vajilla
1842,23183,MOTHER'S KITCHEN SPOON REST,Otros
1843,23184,BULL DOG BOTTLE OPENER,Otros
1844,23185,FRENCH STYLE STORAGE JAR JAM,Otros
1845,23186,FRENCH STYLE STORAGE JAR CAFE,Otros
1846,23187,FRENCH STYLE STORAGE JAR BONBONS,Otros
1847,23188,VINTAGE  2 METRE FOLDING RULER,Otros
1848,23189,SET OF 12 FORK CANDLES,Decoración del hogar
1849,23190,BUNDLE OF 3 SCHOOL EXERCISE BOOKS,Otros
1850,23191,BUNDLE OF 3 RETRO NOTE BOOKS,Otros
1851,23192,BUNDLE OF 3 ALPHABET EXERCISE BOOKS,Otros
1852,23193,BUFFALO BILL TREASURE BOOK BOX,Papelería y embalaje
1853,23194,GYMKHANA TREASURE BOOK BOX,Papelería y embalaje
1854,23196,VINTAGE LEAF MAGNETIC NOTEPAD,Otros
1855,23197,SKETCHBOOK MAGNETIC SHOPPING LIST,Otros
1856,23198,PANTRY MAGNETIC  SHOPPING LIST,Otros
1857,23199,JUMBO BAG APPLES,Papelería y embalaje
1858,23200,JUMBO BAG PEARS,Papelería y embalaje
1859,23201,JUMBO BAG ALPHABET,Papelería y embalaje
1860,23202,JUMBO BAG VINTAGE LEAF,Papelería y embalaje
1861,23203,JUMBO BAG VINTAGE DOILY,Papelería y embalaje
1862,23204,CHARLOTTE BAG APPLES DESIGN,Papelería y embalaje
1863,23205,CHARLOTTE BAG VINTAGE ALPHABET,Papelería y embalaje
1864,23206,LUNCH BAG APPLE DESIGN,Papelería y embalaje
1865,23207,LUNCH BAG ALPHABET DESIGN,Papelería y embalaje
1866,23208,LUNCH BAG VINTAGE LEAF DESIGN,Papelería y embalaje
1867,23209,LUNCH BAG VINTAGE DOILY,Papelería y embalaje
1868,23210,WHITE ROCKING HORSE HAND PAINTED,Otros
1869,23211,RED ROCKING HORSE HAND PAINTED,Otros
1870,23212,HEART WREATH DECORATION WITH BELL,Otros
1871,23213,STAR WREATH DECORATION WITH BELL,Navidad y temporada
1872,23214,JINGLE BELL HEART ANTIQUE GOLD,Otros
1873,23215,JINGLE BELL HEART ANTIQUE SILVER,Otros
1874,23216,LAUREL HEART ANTIQUE GOLD,Otros
1875,23217,LAUREL HEART ANTIQUE SILVER,Otros
1876,23218,LAUREL STAR ANTIQUE GOLD,Navidad y temporada
1877,23219,LAUREL STAR ANTIQUE SILVER,Navidad y temporada
1878,23220,REINDEER HEART DECORATION GOLD,Otros
1879,23221,REINDEER HEART DECORATION SILVER,Otros
1880,23222,CHRISTMAS TREE HANGING GOLD,Navidad y temporada
1881,23223,CHRISTMAS TREE HANGING SILVER,Navidad y temporada
1882,23224,CHERUB HEART DECORATION GOLD,Otros
1883,23225,CHERUB HEART DECORATION SILVER,Otros
1884,23226,FILIGREE HEART DAISY WHITE,Otros
1885,23227,FILIGREE HEART BUTTERFLY WHITE,Otros
1886,23228,FILIGREE HEART BIRD WHITE,Otros
1887,23229,VINTAGE DONKEY TAIL GAME,Otros
1888,23230,WRAP ALPHABET DESIGN,Otros
1889,23231,WRAP  VINTAGE DOILY,Otros
1890,23232,WRAP VINTAGE LEAF DESIGN,Otros
1891,23233,WRAP POPPIES  DESIGN,Otros
1892,23234,BISCUIT TIN VINTAGE CHRISTMAS,Navidad y temporada
1893,23235,STORAGE TIN VINTAGE LEAF,Otros
1894,23236,STORAGE TIN VINTAGE DOILY,Otros
1895,23237,SET OF 4 KNICK KNACK TINS LEAF,Otros
1896,23238,SET OF 4 KNICK KNACK TINS LONDON,Otros
1897,23239,SET OF 4 KNICK KNACK TINS POPPIES,Otros
1898,23240,SET OF 4 KNICK KNACK TINS DOILY,Otros
1899,23241,TREASURE TIN GYMKHANA DESIGN,Otros
1900,23242,TREASURE TIN BUFFALO BILL,Otros
1901,23243,SET OF TEA COFFEE SUGAR TINS PANTRY,Otros
1902,23244,ROUND STORAGE TIN VINTAGE LEAF,Otros
1903,23245,SET OF 3 REGENCY CAKE TINS,Otros
1904,23247,BISCUIT TIN 50'S CHRISTMAS,Navidad y temporada
1905,23249,VINTAGE RED ENAMEL TRIM PLATE,Cocina y vajilla
1906,23250,VINTAGE RED TRIM ENAMEL BOWL,Cocina y vajilla
1907,23251,VINTAGE RED ENAMEL TRIM MUG,Cocina y vajilla
1908,23252,VINTAGE RED ENAMEL TRIM JUG,Otros
1909,23253,16 PIECE CUTLERY SET PANTRY DESIGN,Otros
1910,23254,CHILDRENS CUTLERY DOLLY GIRL,Juguetes
1911,23255,CHILDRENS CUTLERY CIRCUS PARADE,Otros
1912,23256,CHILDRENS CUTLERY SPACEBOY,Otros
1913,23263,SET OF 3 WOODEN HEART DECORATIONS,Otros
1914,23264,SET OF 3 WOODEN SLEIGH DECORATIONS,Otros
1915,23265,SET OF 3 WOODEN TREE DECORATIONS,Navidad y temporada
1916,23266,SET OF 3 WOODEN STOCKING DECORATION,Otros
1917,23267,SET OF 4 SANTA PLACE SETTINGS,Otros
1918,23268,SET OF 2 CERAMIC CHRISTMAS REINDEER,Navidad y temporada
1919,23269,SET OF 2 CERAMIC CHRISTMAS TREES,Navidad y temporada
1920,23270,SET OF 2 CERAMIC PAINTED HEARTS,Otros
1921,23271,CHRISTMAS TABLE SILVER CANDLE SPIKE,Navidad y temporada
1922,23272,TREE T-LIGHT HOLDER WILLIE WINKIE,Navidad y temporada
1923,23273,HEART T-LIGHT HOLDER WILLIE WINKIE,Iluminación
1924,23274,STAR T-LIGHT HOLDER WILLIE WINKIE,Navidad y temporada
1925,23275,SET OF 3 HANGING OWLS OLLIE BEAK,Otros
1926,23280,FOLDING BUTTERFLY MIRROR HOT PINK,Otros
1927,23281,FOLDING BUTTERFLY MIRROR RED,Otros
1928,23282,FOLDING BUTTERFLY MIRROR IVORY,Otros
1929,23283,DOORMAT VINTAGE LEAF,Otros
1930,23284,DOORMAT KEEP CALM AND COME IN,Otros
1931,23285,PINK VINTAGE SPOT BEAKER,Otros
1932,23286,BLUE VINTAGE SPOT BEAKER,Otros
1933,23287,RED VINTAGE SPOT BEAKER,Otros
1934,23288,GREEN VINTAGE SPOT BEAKER,Otros
1935,23289,DOLLY GIRL CHILDRENS BOWL,Cocina y vajilla
1936,23290,SPACEBOY CHILDRENS BOWL,Cocina y vajilla
1937,23291,DOLLY GIRL CHILDRENS CUP,Cocina y vajilla
1938,23292,SPACEBOY CHILDRENS CUP,Cocina y vajilla
1939,23293,SET OF 12 FAIRY CAKE BAKING CASES,Otros
1940,23294,SET OF 6 SNACK LOAF BAKING CASES,Otros
1941,23295,SET OF 12 MINI LOAF BAKING CASES,Otros
1942,23296,SET OF 6 TEA TIME BAKING CASES,Otros
1943,23297,SET 40 HEART SHAPE PETIT FOUR CASES,Otros
1944,23298,SPOTTY BUNTING,Otros
1945,23299,FOOD COVER WITH BEADS SET 2,Otros
1946,23300,GARDENERS KNEELING PAD CUP OF TEA,Cocina y vajilla
1947,23301,GARDENERS KNEELING PAD KEEP CALM,Otros
1948,23302,KNEELING MAT HOUSEWORK  DESIGN,Otros
1949,23303,SET 4 PICNIC CUTLERY FONDANT,Otros
1950,23305,SET 4 PICNIC CUTLERY BLUEBERRY,Otros
1951,23306,SET OF 36 PANTRY PAPER DOILIES,Papelería y embalaje
1952,23307,SET OF 60 PANTRY DESIGN CAKE CASES,Otros
1953,23308,SET OF 60 VINTAGE LEAF CAKE CASES,Otros
1954,23309,SET OF 60 I LOVE LONDON CAKE CASES,Otros
1955,23310,BUBBLEGUM RING ASSORTED,Otros
1956,23311,VINTAGE CHRISTMAS STOCKING,Navidad y temporada
1957,23312,VINTAGE CHRISTMAS GIFT SACK,Navidad y temporada
1958,23313,VINTAGE CHRISTMAS BUNTING,Navidad y temporada
1959,23314,VINTAGE CHRISTMAS TABLECLOTH,Navidad y temporada
1960,23315,IVORY REFECTORY CLOCK,Otros
1961,23316,RED REFECTORY CLOCK,Otros
1962,23317,BLUE REFECTORY CLOCK,Otros
1963,23318,BOX OF 6 MINI VINTAGE CRACKERS,Papelería y embalaje
1964,23319,BOX OF 6 MINI 50'S CRACKERS,Papelería y embalaje
1965,23320,GIANT 50'S CHRISTMAS CRACKER,Navidad y temporada
1966,23321,SMALL WHITE HEART OF WICKER,Otros
1967,23322,LARGE WHITE HEART OF WICKER,Otros
1968,23323,WHITE WICKER STAR,Navidad y temporada
1969,23324,RUSTIC STRAWBERRY JAM POT LARGE,Otros
1970,23325,RUSTIC STRAWBERRY JAM POT SMALL,Otros
1971,23326,HANGING MINI COLOURED BOTTLES,Otros
1972,23327,HANGING CLEAR MINI BOTTLE,Otros
1973,23328,SET 6 SCHOOL MILK BOTTLES IN CRATE,Otros
1974,23329,DECORATIVE WICKER HEART LARGE,Otros
1975,23330,DECORATIVE WICKER HEART MEDIUM,Otros
1976,23331,DECORATIVE WICKER HEART SMALL,Otros
1977,23332,IVORY WICKER HEART LARGE,Otros
1978,23333,IVORY WICKER HEART MEDIUM,Otros
1979,23334,IVORY WICKER HEART SMALL,Otros
1980,23335,EGG FRYING PAN IVORY,Otros
1981,23336,EGG FRYING PAN PINK,Otros
1982,23337,EGG FRYING PAN MINT,Otros
1983,23338,EGG FRYING PAN RED,Otros
1984,23339,EGG FRYING PAN BLUE,Otros
1985,23340,VINTAGE CHRISTMAS CAKE FRILL,Navidad y temporada
1986,23341,PINK DINER WALL CLOCK,Otros
1987,23342,MINT DINER WALL CLOCK,Otros
1988,23343,JUMBO BAG VINTAGE CHRISTMAS,Navidad y temporada
1989,23344,JUMBO BAG 50'S CHRISTMAS,Navidad y temporada
1990,23345,DOLLY GIRL BEAKER,Juguetes
1991,23346,SPACEBOY BEAKER,Otros
1992,23347,I LOVE LONDON BEAKER,Otros
1993,23348,CHILDRENS TOY COOKING UTENSIL SET,Juguetes
1994,23349,ROLL WRAP VINTAGE CHRISTMAS,Navidad y temporada
1995,23350,ROLL WRAP VINTAGE SPOT,Otros
1996,23351,ROLL WRAP 50'S CHRISTMAS,Navidad y temporada
1997,23352,ROLL WRAP 50'S RED CHRISTMAS,Navidad y temporada
1998,23353,6 GIFT TAGS VINTAGE CHRISTMAS,Navidad y temporada
1999,23354,6 GIFT TAGS 50'S CHRISTMAS,Navidad y temporada
2000,23355,HOT WATER BOTTLE KEEP CALM,Otros
2001,23356,LOVE HOT WATER BOTTLE,Otros
2002,23357,HOT WATER BOTTLE SEX BOMB,Otros
2003,23358,HOT STUFF HOT WATER BOTTLE,Otros
2004,23359,SET OF 12 T-LIGHTS VINTAGE DOILY,Iluminación
2005,23360,SET 8 CANDLES VINTAGE DOILY,Decoración del hogar
2006,23365,SET 12 COLOUR PENCILS LOVE LONDON,Otros
2007,23366,SET 12 COLOURING PENCILS DOILY,Otros
2008,23367,SET 12 COLOUR PENCILS SPACEBOY,Otros
2009,23368,SET 12 COLOUR PENCILS DOLLY GIRL,Juguetes
2010,23369,SET 36 COLOUR PENCILS LOVE LONDON,Otros
2011,23370,SET 36 COLOURING PENCILS DOILY,Otros
2012,23371,SET 36 COLOUR PENCILS SPACEBOY,Otros
2013,23372,SET 36 COLOUR PENCILS DOLLY GIRL,Juguetes
2014,23373,VINTAGE CHRISTMAS PAPER GIFT BAG,Navidad y temporada
2015,23374,RED SPOT PAPER GIFT BAG,Papelería y embalaje
2016,23375,50'S CHRISTMAS PAPER GIFT BAG,Navidad y temporada
2017,23376,PACK OF 12 VINTAGE CHRISTMAS TISSUE,Navidad y temporada
2018,23377,PACK OF 12 DOLLY GIRL TISSUES,Juguetes
2019,23378,PACK OF 12 50'S CHRISTMAS TISSUES,Navidad y temporada
2020,23379,PACK OF 12 RED APPLE TISSUES,Otros
2021,23380,PACK OF 12 VINTAGE DOILY TISSUES,Otros
2022,23381,PACK OF 12 VINTAGE LEAF TISSUES,Otros
2023,23382,BOX OF 6 CHRISTMAS CAKE DECORATIONS,Navidad y temporada
2024,23388,WOODLAND MINI BACKPACK,Otros
2025,23389,SPACEBOY MINI BACKPACK,Otros
2026,23390,DOLLY GIRL MINI BACKPACK,Juguetes
2027,23391,I LOVE LONDON MINI BACKPACK,Otros
2028,23392,SPACEBOY ROCKET LOLLY MAKERS,Otros
2029,23393,HOME SWEET HOME CUSHION COVER,Otros
2030,23394,POSTE FRANCE CUSHION COVER,Otros
2031,23395,BELLE JARDINIERE CUSHION COVER,Otros
2032,23396,LE JARDIN BOTANIQUE CUSHION COVER,Otros
2033,23397,FOOT STOOL HOME SWEET HOME,Otros
2034,23398,HANGING HEART BONHEUR,Otros
2035,23399,HOME SWEET HOME HANGING HEART,Otros
2036,23400,SHELF WITH 4 HOOKS HOME SWEET HOME,Otros
2037,23401,RUSTIC MIRROR WITH LACE HEART,Otros
2038,23402,HOME SWEET HOME 3 PEG HANGER,Otros
2039,23403,LETTER HOLDER HOME SWEET HOME,Otros
2040,23404,HOME SWEET HOME BLACKBOARD,Otros
2041,23405,HOME SWEET HOME 2 DRAWER CABINET,Otros
2042,23406,HOME SWEET HOME KEY HOLDER,Otros
2043,23407,SET OF 2 TRAYS HOME SWEET HOME,Otros
2044,23408,PHOTO FRAME LINEN AND LACE SMALL,Otros
2045,23409,PHOTO FRAME LINEN AND LACE LARGE,Otros
2046,23410,CURIO CABINET LINEN AND LACE,Otros
2047,23411,TRELLIS COAT RACK,Otros
2048,23412,HEART MIRROR ANTIQUE WHITE,Otros
2049,23413,DECORATIVE VINTAGE COFFEE  BOX,Papelería y embalaje
2050,23414,ZINC BOX SIGN HOME,Papelería y embalaje
2051,23415,HOME SWEET HOME HOOK,Otros
2052,23417,BATHROOM HOOK,Otros
2053,23418,LAVENDER TOILETTE BOTTLE,Otros
2054,23419,HOME SWEET HOME BOTTLE,Otros
2055,23420,PANTRY HOOK TEA STRAINER,Otros
2056,23421,PANTRY HOOK SPATULA,Otros
2057,23422,PANTRY HOOK BALLOON WHISK,Otros
2058,23423,PANTRY 3 HOOK ROLLING PIN HANGER,Otros
2059,23424,GINGHAM RECIPE BOOK BOX,Papelería y embalaje
2060,23425,STORAGE TIN HOME SWEET HOME,Otros
2061,23426,METAL SIGN DROP YOUR PANTS,Otros
2062,23427,STOOL HOME SWEET HOME,Otros
2063,23429,RED RETRO KITCHEN WALL CLOCK,Otros
2064,23430,BLUE RETRO KITCHEN WALL CLOCK,Otros
2065,23431,NATURAL HANGING QUILTED HEARTS,Otros
2066,23432,PRETTY HANGING QUILTED HEARTS,Otros
2067,23433,HANGING QUILTED PATCHWORK APPLES,Otros
2068,23434,3 RAFFIA RIBBONS 50'S CHRISTMAS,Navidad y temporada
2069,23435,3 RAFFIA RIBBONS VINTAGE CHRISTMAS,Navidad y temporada
2070,23436,VINTAGE CHRISTMAS GIFT BAG LARGE,Navidad y temporada
2071,23437,50'S CHRISTMAS GIFT BAG LARGE,Navidad y temporada
2072,23438,RED SPOT GIFT BAG LARGE,Papelería y embalaje
2073,23439,HAND WARMER RED LOVE HEART,Otros
2074,23442,12 HANGING EGGS HAND PAINTED,Otros
2075,23444,Next Day Carriage,Otros
2076,23445,ICE CREAM BUBBLES,Otros
2077,23448,CREAM BUNNY EASTER EGG BASKET,Otros
2078,23451,SQUARE MINI PORTRAIT FRAME,Otros
2079,23452,HEART MINI PORTRAIT FRAME,Otros
2080,23453,OVAL  MINI PORTRAIT FRAME,Otros
2081,23454,THREE MINI HANGING FRAMES,Otros
2082,23455,SMALL PARLOUR PICTURE FRAME,Otros
2083,23456,MEDIUM PARLOUR PICTURE FRAME,Otros
2084,23457,LARGE PARLOUR PICTURE FRAME,Otros
2085,23458,DOLLY CABINET 3 DRAWERS,Juguetes
2086,23459,DOLLY CABINET 2 DRAWERS,Juguetes
2087,23460,SWEETHEART WALL TIDY,Otros
2088,23461,SWEETHEART BIRD HOUSE,Otros
2089,23462,ROCOCO WALL MIRROR WHITE,Otros
2090,23464,VINTAGE ZINC WATERING CAN SMALL,Otros
2091,23465,TUSCAN VILLA FEEDING STATION,Otros
2092,23466,TUSCAN VILLA DOVECOTE BIRD FEEDER,Otros
2093,23467,VINTAGE ZINC PLANTER,Otros
2094,23468,TUSCAN VILLA BIRD TABLE,Otros
2095,23469,CARD HOLDER LOVE BIRD SMALL,Otros
2096,23470,CARD HOLDER LOVE BIRD LARGE,Otros
2097,23471,SIX DRAWER OFFICE TIDY,Otros
2098,23472,NINE DRAWER OFFICE TIDY,Otros
2099,23473,WOODLAND SMALL RED FELT HEART,Otros
2100,23474,WOODLAND SMALL BLUE FELT HEART,Otros
2101,23475,WOODLAND SMALL PINK FELT HEART,Otros
2102,23476,WOODLAND LARGE RED FELT HEART,Otros
2103,23477,WOODLAND LARGE BLUE FELT HEART,Otros
2104,23479,WIRE EGG BASKET,Otros
2105,23480,MINI LIGHTS WOODLAND MUSHROOMS,Iluminación
2106,23481,PEARLISED IVORY HEART SMALL,Otros
2107,23482,PEARLISED IVORY HEART LARGE,Otros
2108,23483,HANGING  BUTTERFLY T-LIGHT HOLDER,Iluminación
2109,23485,BOTANICAL GARDENS WALL CLOCK,Otros
2110,23486,ANTIQUE HEART SHELF UNIT,Otros
2111,23487,SWEET HEART CAKE CARRIER,Otros
2112,23489,VINTAGE BELLS GARLAND,Otros
2113,23490,T-LIGHT HOLDER HANGING LOVE BIRD,Iluminación
2114,23491,VINTAGE JINGLE BELLS HEART,Otros
2115,23492,VINTAGE JINGLE BELLS WREATH,Otros
2116,23493,VINTAGE DOILY TRAVEL SEWING KIT,Otros
2117,23494,VINTAGE DOILY DELUXE SEWING KIT,Otros
2118,23495,SET OF 3 PANTRY WOODEN SPOONS,Otros
2119,23497,CLASSIC CHROME BICYCLE BELL,Otros
2120,23498,CLASSIC BICYCLE CLIPS,Otros
2121,23499,SET 12 VINTAGE DOILY CHALK,Otros
2122,23500,KEY RING BASEBALL BOOT ASSORTED,Otros
2123,23501,KEY RING BASEBALL BOOT UNION JACK,Otros
2124,23502,PLAYING CARDS VINTAGE DOILY,Otros
2125,23503,PLAYING CARDS KEEP CALM & CARRY ON,Otros
2126,23504,PLAYING CARDS JUBILEE UNION JACK,Otros
2127,23505,PLAYING CARDS I LOVE LONDON,Otros
2128,23506,MINI PLAYING CARDS SPACEBOY,Otros
2129,23507,MINI PLAYING CARDS BUFFALO BILL,Otros
2130,23508,MINI PLAYING CARDS DOLLY GIRL,Juguetes
2131,23509,MINI PLAYING CARDS FUN FAIR,Otros
2132,23510,MINI PLAYING CARDS GYMKHANA,Otros
2133,23511,EMBROIDERED RIBBON REEL EMILY,Otros
2134,23512,EMBROIDERED RIBBON REEL ROSIE,Otros
2135,23513,EMBROIDERED RIBBON REEL SUSIE,Otros
2136,23514,EMBROIDERED RIBBON REEL SALLY,Otros
2137,23515,EMBROIDERED RIBBON REEL DAISY,Otros
2138,23516,EMBROIDERED RIBBON REEL SOPHIE,Otros
2139,23517,EMBROIDERED RIBBON REEL REBECCA,Otros
2140,23518,EMBROIDERED RIBBON REEL RACHEL,Otros
2141,23519,EMBROIDERED RIBBON REEL CLAIRE,Otros
2142,23520,EMBROIDERED RIBBON REEL RUBY,Otros
2143,23521,WALL ART CAT AND BIRD,Otros
2144,23522,WALL ART DOG AND BALL,Otros
2145,23523,TREASURE AHOY WALL ART,Otros
2146,23524,WALL ART HORSE & PONY,Otros
2147,23525,WALL ART BUFFALO BILL,Otros
2148,23526,WALL ART DOG LICENCE,Otros
2149,23527,WALL ART ANIMALS AND NATURE,Otros
2150,23528,SPACEBOY WALL ART,Otros
2151,23529,WALL ART DOLLY GIRL,Juguetes
2152,23530,WALL ART ONLY ONE PERSON,Otros
2153,23531,WALL ART BIG LOVE,Otros
2154,23533,WALL ART GARDEN HAVEN,Otros
2155,23534,WALL ART STOP FOR TEA,Otros
2156,23535,WALL ART BICYCLE SAFETY,Otros
2157,23536,WALL ART VILLAGE SHOW,Otros
2158,23537,WALL ART I LOVE LONDON,Otros
2159,23538,WALL ART VINTAGE HEART,Otros
2160,23539,WALL ART LOVES' SECRET,Otros
2161,23541,WALL ART CLASSIC PUDDINGS,Otros
2162,23542,WALL ART 70'S ALPHABET,Otros
2163,23543,WALL ART KEEP CALM,Otros
2164,23545,WRAP RED VINTAGE DOILY,Otros
2165,23546,WRAP PAISLEY PARK,Otros
2166,23547,WRAP FLOWER SHOP,Otros
2167,23548,WRAP MAGIC FOREST,Otros
2168,23549,WRAP BIRD GARDEN,Otros
2169,23550,WRAP ALPHABET POSTER,Otros
2170,23551,PACK OF 12 PAISLEY PARK TISSUES,Otros
2171,23552,BICYCLE PUNCTURE REPAIR KIT,Otros
2172,23553,LANDMARK FRAME CAMDEN TOWN,Otros
2173,23554,LANDMARK FRAME OXFORD STREET,Navidad y temporada
2174,23555,LANDMARK FRAME NOTTING HILL,Otros
2175,23556,LANDMARK FRAME COVENT GARDEN,Otros
2176,23557,LANDMARK FRAME BAKER STREET,Navidad y temporada
2177,23558,LANDMARK FRAME LONDON BRIDGE,Otros
2178,23559,WOODLAND BUNNIES LOLLY MAKERS,Otros
2179,23560,SET OF 6 RIBBONS COUNTRY STYLE,Otros
2180,23561,SET OF 6 RIBBONS PARTY,Otros
2181,23562,SET OF 6 RIBBONS PERFECTLY PRETTY,Otros
2182,23564,EGG CUP MILKMAID INGRID,Cocina y vajilla
2183,23565,EGG CUP MILKMAID HELGA,Cocina y vajilla
2184,23566,EGG CUP MILKMAID HEIDI,Cocina y vajilla
2185,23567,EGG CUP HENRIETTA HEN PINK,Cocina y vajilla
2186,23568,EGG CUP HENRIETTA HEN CREAM,Cocina y vajilla
2187,23569,TRADTIONAL ALPHABET STAMP SET,Otros
2188,23570,TRADITIONAL PICK UP STICKS GAME,Otros
2189,23571,TRADITIONAL NAUGHTS & CROSSES,Otros
2190,23575,SNACK TRAY PAISLEY PARK,Otros
2191,23576,SNACK TRAY RED VINTAGE DOILY,Otros
2192,23579,SNACK TRAY I LOVE LONDON,Otros
2193,23580,SNACK TRAY HAPPY FOREST,Otros
2194,23581,JUMBO BAG PAISLEY PARK,Papelería y embalaje
2195,23582,VINTAGE DOILY JUMBO BAG RED,Papelería y embalaje
2196,23583,LUNCH BAG PAISLEY PARK,Papelería y embalaje
2197,23597,PAPER BUNTING PAISLEY PARK,Papelería y embalaje
2198,23598,PAPER BUNTING VINTAGE PARTY,Papelería y embalaje
2199,23660,HENRIETTA HEN MUG,Cocina y vajilla
2200,23661,MILK MAIDS MUG,Cocina y vajilla
2201,23681,LUNCH BAG RED VINTAGE DOILY,Papelería y embalaje
2202,23691,WRAP KEEP CALM BIRTHDAY,Otros
2203,23694,PAISLEY PARK CARD,Otros
2204,23695,DOILY THANK YOU CARD,Otros
2205,23697,A PRETTY THANK YOU CARD,Otros
2206,35001G,HAND OPEN SHAPE GOLD,Otros
2207,35004B,SET OF 3 BLACK FLYING DUCKS,Otros
2208,35004C,SET OF 3 COLOURED  FLYING DUCKS,Otros
2209,35004G,SET OF 3 GOLD FLYING DUCKS,Otros
2210,35095A,BLUE VICTORIAN FABRIC OVAL BOX,Papelería y embalaje
2211,35095B,RED VICTORIAN FABRIC OVAL BOX,Papelería y embalaje
2212,35241,ENAMEL BLUE RIM BISCUIT BIN,Otros
2213,35265,COLOURFUL FLOWER FRUIT BOWL,Cocina y vajilla
2214,35443,RASTA IN BATH W SPLIFF ASHTRAY,Otros
2215,35471D,SET OF 3 BIRD LIGHT PINK FEATHER,Iluminación
2216,35597D,PINK/WHITE CHRISTMAS TREE 30CM,Navidad y temporada
2217,35598B,BLACK CHRISTMAS TREE 60CM,Navidad y temporada
2218,35598D,PINK/WHITE CHRISTMAS TREE 60CM,Navidad y temporada
2219,35599B,BLACK CHRISTMAS TREE 120CM,Navidad y temporada
2220,35637A,IVORY STRING CURTAIN WITH POLE,Otros
2221,35637C,PINK STRING CURTAIN WITH POLE,Otros
2222,35646,VINTAGE BEAD PINK EVENING BAG,Papelería y embalaje
2223,35648,VINTAGE BEAD PINK PURSE,Otros
2224,35649,VINTAGE BEAD COSMETIC BAG,Papelería y embalaje
2225,35653,VINTAGE BEAD NOTEBOOK,Otros
2226,35809A,ENAMEL PINK TEA CONTAINER,Otros
2227,35810A,ENAMEL PINK COFFEE CONTAINER,Otros
2228,35810B,ENAMEL BLUE RIM COFFEE CONTAINER,Otros
2229,35815P,"ACRYLIC JEWEL SNOWFLAKE, PINK",Otros
2230,35817P,"ACRYLIC JEWEL SNOWFLAKE,PINK",Otros
2231,35818P,"ACRYLIC JEWEL ICICLE, PINK",Otros
2232,35819B,"ACRYLIC HANGING JEWEL,BLUE",Otros
2233,35833P,4 PINK FLOCK CHRISTMAS BALLS,Navidad y temporada
2234,35909A,RABBIT EASTER DECORATION,Otros
2235,35912B,WHITE/PINK CHICK DECORATION,Otros
2236,35914,PINK CHICK EGG WARMER + EGG CUP,Cocina y vajilla
2237,35915B,BLUE KNITTED HEN,Otros
2238,35916C,PINK FELT HANGING HEART W FLOWER,Otros
2239,35920,FOUR RABBIT EASTER DECORATIONS,Otros
2240,35922,EASTER BUNNY WREATH,Otros
2241,35923,CANDY HEART HANGING DECORATION,Otros
2242,35924,HANGING FAIRY CAKE DECORATION,Otros
2243,35933,PINK STOCKING CHRISTMAS DECORATION,Navidad y temporada
2244,35953,FOLKART STAR CHRISTMAS DECORATIONS,Navidad y temporada
2245,35954,SMALL FOLKART STAR CHRISTMAS DEC,Navidad y temporada
2246,35958,FOLKART ZINC STAR CHRISTMAS DEC,Navidad y temporada
2247,35961,FOLKART ZINC HEART CHRISTMAS DEC,Navidad y temporada
2248,35964,FOLKART CLIP ON STARS,Navidad y temporada
2249,35965,FOLKART HEART NAPKIN RINGS,Otros
2250,35968,FOLK ART METAL HEART T-LIGHT HOLDER,Iluminación
2251,35970,ZINC FOLKART SLEIGH BELLS,Otros
2252,35971,ROSE FOLKART HEART DECORATIONS,Otros
2253,35972,DAISY FOLKART HEART DECORATION,Otros
2254,37327,ASSTD MULTICOLOUR CIRCLES MUG,Cocina y vajilla
2255,37333,"RETRO ""TEA FOR ONE""",Otros
2256,37340,MULTICOLOUR SPRING FLOWER MUG,Cocina y vajilla
2257,37342,POLKADOT COFFEE CUP & SAUCER PINK,Cocina y vajilla
2258,37370,RETRO COFFEE MUGS ASSORTED,Cocina y vajilla
2259,37413,ICON MUG REVOLUTIONARY,Cocina y vajilla
2260,37423,WHITE WITH BLACK CATS PLATE,Cocina y vajilla
2261,37444C,PINK BREAKFAST CUP AND SAUCER,Cocina y vajilla
2262,37446,MINI CAKE STAND WITH HANGING CAKES,Otros
2263,37447,CERAMIC CAKE DESIGN SPOTTED PLATE,Cocina y vajilla
2264,37448,CERAMIC CAKE DESIGN SPOTTED MUG,Cocina y vajilla
2265,37449,CERAMIC CAKE STAND + HANGING CAKES,Otros
2266,37450,CERAMIC CAKE BOWL + HANGING CAKES,Cocina y vajilla
2267,37467,PIG MUG IN TWO COLOUR DESIGNS,Cocina y vajilla
2268,37468,HARDMAN MUG 3 ASSORTED,Cocina y vajilla
2269,37471,MULTICOLOUR POLKADOT PLATE,Cocina y vajilla
2270,37475,SET/4 COLOURFUL MIXING BOWLS,Cocina y vajilla
2271,37476,CONDIMENT TRAY 4 BOWLS AND 4 SPOONS,Cocina y vajilla
2272,37479B,CUBIC MUG FLOCK BLUE ON BROWN,Cocina y vajilla
2273,37479P,CUBIC MUG FLOCK PINK ON BROWN,Cocina y vajilla
2274,37482P,CUBIC MUG PINK POLKADOT,Cocina y vajilla
2275,37489B,BLUE/YELLOW FLOWER DESIGN BIG MUG,Cocina y vajilla
2276,37489D,PINK/GREEN FLOWER DESIGN BIG MUG,Cocina y vajilla
2277,37495,FAIRY CAKE BIRTHDAY CANDLE SET,Decoración del hogar
2278,37500,TEA TIME TEAPOT IN GIFT BOX,Papelería y embalaje
2279,37501,TEA TIME TEA SET IN GIFT BOX,Papelería y embalaje
2280,40001,WHITE BAMBOO RIBS LAMPSHADE,Iluminación
2281,40005B,BLUE ORGANDY ROUND LAMPSHADE W BEA,Iluminación
2282,40016,CHINESE DRAGON PAPER LANTERNS,Decoración del hogar
2283,40046A,RED DAISY PAPER LAMPSHADE,Papelería y embalaje
2284,44092C,PURPLE/COPPER HANGING LAMPSHADE,Iluminación
2285,44235,ASSORTED COLOURED CIRCLE MOBILE,Otros
2286,44236,PINK/PURPLE CIRCLE CURTAIN,Otros
2287,46000M,POLYESTER FILLER PAD 45x45cm,Otros
2288,46000P,POLYESTER FILLER PAD 65CMx65CM,Otros
2289,46000R,POLYESTER FILLER PAD 45x30cm,Otros
2290,46000S,POLYESTER FILLER PAD 40x40cm,Otros
2291,46000U,POLYESTER FILLER PAD 30CMx30CM,Otros
2292,46115B,GREEN POP ART MAO CUSHION COVER,Otros
2293,46775D,SUNSET COLOUR CHUNKY KNITTED THROW,Otros
2294,46776A,WOVEN BUBBLE GUM CUSHION COVER,Otros
2295,46776B,WOVEN BERRIES CUSHION COVER,Otros
2296,46776D,WOVEN SUNSET CUSHION COVER,Otros
2297,46776F,WOVEN ROSE GARDEN CUSHION COVER,Otros
2298,47013C,WINE BOTTLE DRESSING DARK BLUE,Otros
2299,47021G,SET/6 BEAD COASTERS GAUZE BAG GOLD,Papelería y embalaje
2300,47310M,SMALL POP BOX FUNKY MONKEY,Papelería y embalaje
2301,47341A,FUSCHIA TABLE RUN FLOWER,Otros
2302,47341B,BLUE TABLE RUN FLOWER,Otros
2303,47348A,FUSCHIA VOILE POINTY SHOE DEC,Otros
2304,47351B,BLUE  VOILE LAMPSHADE,Iluminación
2305,47420,ASSORTED COLOUR SUCTION CUP HOOK,Cocina y vajilla
2306,47421,ASSORTED COLOUR LIZARD SUCTION HOOK,Otros
2307,47422,ASSORTED MONKEY SUCTION CUP HOOK,Cocina y vajilla
2308,47469,ASSORTED SHAPES PHOTO CLIP SILVER,Otros
2309,47471,RAINBOW PEGS PHOTO CLIP STRING,Otros
2310,47480,HANGING PHOTO CLIP ROPE LADDER,Otros
2311,47481,50CM METAL STRING WITH  7 CLIPS,Otros
2312,47503A,ASS FLORAL PRINT MULTI SCREWDRIVER,Otros
2313,47503H,ASS FLORAL PRINT SPIRIT LEVEL,Otros
2314,47504H,ENGLISH ROSE SPIRIT LEVEL,Otros
2315,47504K,ENGLISH ROSE GARDEN SECATEURS,Otros
2316,47518F,ICON PLACEMAT POP ART ELVIS,Otros
2317,47559B,TEA TIME OVEN GLOVE,Otros
2318,47563A,RETRO LONGBOARD IRONING BOARD COVER,Otros
2319,47566,PARTY BUNTING,Otros
2320,47566B,TEA TIME PARTY BUNTING,Otros
2321,47567B,TEA TIME KITCHEN APRON,Otros
2322,47570B,TEA TIME TABLE CLOTH,Otros
2323,47574A,ENGLISH ROSE SCENTED HANGING FLOWER,Otros
2324,47578A,ENGLISH ROSE SMALL SCENTED FLOWER,Otros
2325,47580,TEA TIME DES TEA COSY,Otros
2326,47585A,PINK FAIRY CAKE CUSHION COVER,Otros
2327,47586A,PINK FAIRY CAKE CUSHION COVER,Otros
2328,47589,CONGRATULATIONS BUNTING,Otros
2329,47590A,BLUE HAPPY BIRTHDAY BUNTING,Otros
2330,47590B,PINK HAPPY BIRTHDAY BUNTING,Otros
2331,47591D,PINK FAIRY CAKE CHILDRENS APRON,Otros
2332,47593A,CAROUSEL PONIES BABY BIB,Otros
2333,47593B,SCOTTIE DOGS BABY BIB,Otros
2334,47594A,CAROUSEL DESIGN WASHBAG,Papelería y embalaje
2335,47594B,SCOTTIES DESIGN WASHBAG,Papelería y embalaje
2336,47599A,PINK PARTY BAGS,Papelería y embalaje
2337,47599B,BLUE PARTY BAGS,Papelería y embalaje
2338,48111,DOORMAT 3 SMILEY CATS,Otros
2339,48116,DOORMAT MULTICOLOUR STRIPE,Otros
2340,48129,DOORMAT TOPIARY,Otros
2341,48138,DOORMAT UNION FLAG,Otros
2342,48173C,DOORMAT BLACK FLOCK,Otros
2343,48184,DOORMAT ENGLISH ROSE,Otros
2344,48185,DOORMAT FAIRY CAKE,Otros
2345,48187,DOORMAT NEW ENGLAND,Otros
2346,48188,DOORMAT WELCOME PUPPIES,Otros
2347,48194,DOORMAT HEARTS,Otros
2348,51014A,"FEATHER PEN,HOT PINK",Otros
2349,51014C,"FEATHER PEN,COAL BLACK",Otros
2350,51014L,"FEATHER PEN,LIGHT PINK",Iluminación
2351,51020A,SUMMER FUN DESIGN SHOWER CAP,Otros
2352,51020B,STRIPY DESIGN SHOWER CAP,Otros
2353,62018,SOMBRERO,Otros
2354,62074B,ELEPHANT CLIP W SUCTION CUP,Cocina y vajilla
2355,62086A,PINK RETRO BIG FLOWER BAG,Papelería y embalaje
2356,62096A,PINK/YELLOW FLOWERS HANDBAG,Papelería y embalaje
2357,62096B,PURPLE/TURQ FLOWERS HANDBAG,Papelería y embalaje
2358,70006,LOVE HEART POCKET WARMER,Otros
2359,70007,HI TEC ALPINE HAND WARMER,Otros
2360,71038,WHITE HANGING BEADS CANDLE HOLDER,Decoración del hogar
2361,71053,WHITE MOROCCAN METAL LANTERN,Decoración del hogar
2362,71101E,STANDING FAIRY POLE SUPPORT,Otros
2363,71270,PHOTO CLIP LINE,Otros
2364,71279,PINK GLASS CANDLEHOLDER,Decoración del hogar
2365,71403,"PINK/WHITE ""KEEP CLEAN"" BULLET BIN",Otros
2366,71406C,BLACK ORANGE SQUEEZER,Otros
2367,71459,HANGING JAM JAR T-LIGHT HOLDERS,Iluminación
2368,71477,COLOURED GLASS STAR T-LIGHT HOLDER,Navidad y temporada
2369,71495A,CD WALL TIDY BLUE OFFICE,Otros
2370,71496B,A4 WALL TIDY RED FLOWERS,Otros
2371,71510,SQUARE METAL CANDLEHOLDER BASE,Decoración del hogar
2372,72122,COFFEE SCENT PILLAR CANDLE,Decoración del hogar
2373,72127,COLUMBIAN CANDLE ROUND,Decoración del hogar
2374,72128,COLUMBIAN CANDLE ROUND,Decoración del hogar
2375,72130,COLUMBIAN CANDLE ROUND,Decoración del hogar
2376,72131,COLUMBIAN CANDLE RECTANGLE,Decoración del hogar
2377,72132,COLUMBIAN CUBE CANDLE,Decoración del hogar
2378,72140E,BEST DAD CANDLE LETTERS,Decoración del hogar
2379,72225C,LAVENDER SCENT CAKE CANDLE,Decoración del hogar
2380,72232,FENG SHUI PILLAR CANDLE,Decoración del hogar
2381,72349B,SET/6 PURPLE BUTTERFLY T-LIGHTS,Iluminación
2382,72351A,SET/6 TURQUOISE BUTTERFLY T-LIGHTS,Iluminación
2383,72351B,SET/6 PINK  BUTTERFLY T-LIGHTS,Iluminación
2384,72586,SET OF 6 HALLOWEEN GHOST T-LIGHTS,Iluminación
2385,72598,SET/12 TAPER CANDLES,Decoración del hogar
2386,72709,IVORY SCULPTED RND CANDLE,Decoración del hogar
2387,72741,GRAND CHOCOLATECANDLE,Decoración del hogar
2388,72760B,VINTAGE CREAM 3 BASKET CAKE STAND,Otros
2389,72780,BLACK SILOUETTE CANDLE PLATE,Decoración del hogar
2390,72798C,SET/4 GARDEN ROSE DINNER CANDLE,Decoración del hogar
2391,72799C,PINK PILLAR CANDLE SILVER FLOCK,Decoración del hogar
2392,72799E,IVORY PILLAR CANDLE SILVER FLOCK,Decoración del hogar
2393,72800B,4 PURPLE FLOCK DINNER CANDLES,Decoración del hogar
2394,72800C,4 PINK DINNER CANDLE SILVER FLOCK,Decoración del hogar
2395,72800D,4 BLUE DINNER CANDLES SILVER FLOCK,Decoración del hogar
2396,72800E,4 IVORY DINNER CANDLES SILVER FLOCK,Decoración del hogar
2397,72801C,4 ROSE PINK DINNER CANDLES,Decoración del hogar
2398,72801G,4 BURGUNDY WINE DINNER CANDLES,Decoración del hogar
2399,72802A,ROSE SCENT CANDLE IN JEWELLED BOX,Decoración del hogar
2400,72802B,OCEAN SCENT CANDLE IN JEWELLED BOX,Decoración del hogar
2401,72802C,VANILLA SCENT CANDLE JEWELLED BOX,Decoración del hogar
2402,72803A,ROSE SCENT CANDLE JEWELLED DRAWER,Decoración del hogar
2403,72807A,SET/3 ROSE CANDLE IN JEWELLED BOX,Decoración del hogar
2404,72807B,SET/3 OCEAN SCENT CANDLE JEWEL BOX,Decoración del hogar
2405,72807C,SET/3 VANILLA SCENTED CANDLE IN BOX,Decoración del hogar
2406,72812,LARGE ZINC GLASS CANDLEHOLDER,Decoración del hogar
2407,72816,SET/3 CHRISTMAS DECOUPAGE CANDLES,Navidad y temporada
2408,72817,SET OF 2 CHRISTMAS DECOUPAGE CANDLE,Navidad y temporada
2409,72818,CHRISTMAS DECOUPAGE CANDLE,Navidad y temporada
2410,72819,CUPID DESIGN SCENTED CANDLES,Decoración del hogar
2411,75049L,LARGE CIRCULAR MIRROR MOBILE,Otros
2412,75131,METAL TUBE CHIME ON BAMBOO,Otros
2413,75172,PAINTED SEA SHELL METAL WINDCHIME,Otros
2414,77101A,UNION FLAG WINDSOCK,Otros
2415,78033,FLAG OF ST GEORGE CHAIR,Otros
2416,78034B,BLUE NETTING STORAGE HANGER,Otros
2417,79000,MOROCCAN TEA GLASS,Otros
2418,79026B,"S/4 ICON COASTER,ELVIS LIVES",Otros
2419,79030D,TUMBLER BAROQUE,Otros
2420,79030G,TUMBLER NEW ENGLAND,Otros
2421,79051A,SMOKEY GREY COLOUR GLASS,Otros
2422,79062D,"RETRO TIN ASHTRAY,REVOLUTIONARY",Otros
2423,79063C,"RETRO PILL BOX KEY CHAIN,THE KING",Papelería y embalaje
2424,79063D,"RETRO PILL BOX , REVOLUTIONARY",Papelería y embalaje
2425,79066K,RETRO MOD TRAY,Otros
2426,79067,CORONA MEXICAN TRAY,Otros
2427,79071B,ENGLISH ROSE METAL WASTE BIN,Otros
2428,79144B,PAINTED LIGHTBULB STAR+ MOON,Navidad y temporada
2429,79160,HEART SHAPE WIRELESS DOORBELL,Otros
2430,79163,BLACK CHAMPAGNE GLASS,Otros
2431,79164,BLACK WINE GLASS,Otros
2432,79190A,RETRO PLASTIC 70'S TRAY,Otros
2433,79190B,RETRO PLASTIC POLKA TRAY,Otros
2434,79190D,RETRO PLASTIC DAISY TRAY,Otros
2435,79191B,RETRO PLASTIC POLKA TRAY,Otros
2436,79191C,RETRO PLASTIC ELEPHANT TRAY,Otros
2437,79191D,RETRO PLASTIC DAISY TRAY,Otros
2438,79302M,"ART LIGHTS,FUNK MONKEY",Iluminación
2439,79321,CHILLI LIGHTS,Iluminación
2440,79336,LIGHT PINK FLOCK GLASS CANDLEHOLDER,Decoración del hogar
2441,79337,BLUE FLOCK GLASS CANDLEHOLDER,Decoración del hogar
2442,79403,FROSTED WHITE BASE,Otros
2443,79406,FROSTED WHITE BASE,Otros
2444,81950B,FLOWER BLUE CLOCK WITH SUCKER,Otros
2445,81950V,FLOWER PURPLE CLOCK W/SUCKER,Otros
2446,81952V,ROUND PURPLE CLOCK WITH SUCKER,Otros
2447,82001S,SILVER RECORD COVER FRAME,Otros
2448,82011A,"BATHROOM SCALES, TROPICAL BEACH",Otros
2449,82011B,BATHROOM SCALES RUBBER DUCKS,Otros
2450,82011C,BATHROOM SCALES FOOTPRINTS IN SAND,Otros
2451,82482,WOODEN PICTURE FRAME WHITE FINISH,Otros
2452,82483,WOOD 2 DRAWER CABINET WHITE FINISH,Otros
2453,82484,WOOD BLACK BOARD ANT WHITE FINISH,Otros
2454,82486,3 DRAWER ANTIQUE WHITE WOOD CABINET,Otros
2455,82494L,WOODEN FRAME ANTIQUE WHITE,Otros
2456,82551,LAUNDRY 15C METAL SIGN,Otros
2457,82552,WASHROOM METAL SIGN,Otros
2458,82567,"AIRLINE LOUNGE,METAL SIGN",Otros
2459,82578,KITCHEN METAL SIGN,Otros
2460,82580,BATHROOM METAL SIGN,Otros
2461,82581,TOILET METAL SIGN,Otros
2462,82582,AREA PATROLLED METAL SIGN,Otros
2463,82583,HOT BATHS METAL SIGN,Otros
2464,82599,FANNY'S REST STOPMETAL SIGN,Otros
2465,82600,NO SINGING METAL SIGN,Otros
2466,82613A,"METAL SIGN,CUPCAKE SINGLE HOOK",Cocina y vajilla
2467,82613B,"METAL SIGN,CUPCAKE SINGLE HOOK",Cocina y vajilla
2468,82613C,"METAL SIGN,CUPCAKE SINGLE HOOK",Cocina y vajilla
2469,82613D,METAL SIGN CUPCAKE SINGLE HOOK,Cocina y vajilla
2470,82616B,FRAPPUCINO SCARF KNITTING KIT,Otros
2471,82616C,MIDNIGHT GLAMOUR SCARF KNITTING KIT,Otros
2472,84006,MAGIC TREE -PAPER FLOWERS,Navidad y temporada
2473,84012,MAGIC SHEEP WOOL GROWING FROM PAPER,Papelería y embalaje
2474,84029E,RED WOOLLY HOTTIE WHITE HEART.,Otros
2475,84029G,KNITTED UNION FLAG HOT WATER BOTTLE,Otros
2476,84030E,ENGLISH ROSE HOT WATER BOTTLE,Otros
2477,84031A,CHARLIE+LOLA RED HOT WATER BOTTLE,Otros
2478,84031B,CHARLIE LOLA BLUE HOT WATER BOTTLE,Otros
2479,84032A,CHARLIE+LOLA PINK HOT WATER BOTTLE,Otros
2480,84032B,CHARLIE + LOLA RED HOT WATER BOTTLE,Otros
2481,84050,PINK HEART SHAPE EGG FRYING PAN,Otros
2482,84051,ASS COLOUR GLOWING TIARAS,Otros
2483,84077,WORLD WAR 2 GLIDERS ASSTD DESIGNS,Otros
2484,84078A,SET/4 WHITE RETRO STORAGE CUBES,Otros
2485,84086C,PINK/PURPLE RETRO RADIO,Otros
2486,84192,ASSORTED COLOUR METAL CAT,Otros
2487,84199,GLOW IN DARK DOLPHINS,Otros
2488,84201B,HAPPY BIRTHDAY CARD STRIPEY TEDDY,Otros
2489,84206B,CAT WITH SUNGLASSES BLANK CARD,Otros
2490,84212,"ASSORTED FLOWER COLOUR ""LEIS""",Otros
2491,84218,BOX/12 CHICK & EGG IN BASKET,Papelería y embalaje
2492,84226,HEN HOUSE W FAMILY IN BARN & NEST,Otros
2493,84231,EASTER BUNNY WITH BASKET ON BACK,Otros
2494,84247E,PACK OF 12 CHRISTMAS FUN CARDS,Navidad y temporada
2495,84247G,"DECOUPAGE,GREETING CARD,",Otros
2496,84247K,"FOLK ART GREETING CARD,pack/12",Otros
2497,84247L,FAWN AND MUSHROOM GREETING CARD,Otros
2498,84247N,PACK/12 BLUE FOLKART CARDS,Otros
2499,84249A,"GREETING CARD,SQUARE, DOUGHNUTS",Otros
2500,84251B,"GREETING CARD, STICKY GORDON",Otros
2501,84251G,"GREETING CARD, OVERCROWDED POOL.",Otros
2502,84279B,CHERRY BLOSSOM DECORATIVE FLASK,Otros
2503,84279P,CHERRY BLOSSOM  DECORATIVE FLASK,Otros
2504,84313C,ORANGE TV TRAY TABLE,Otros
2505,84341B,SMALL PINK MAGIC CHRISTMAS TREE,Navidad y temporada
2506,84347,ROTATING SILVER ANGELS T-LIGHT HLDR,Iluminación
2507,84352,SILVER CHRISTMAS TREE BAUBLE STAND,Navidad y temporada
2508,84356,POMPOM CURTAIN,Otros
2509,84358,FLOOR LAMP SHADE WOOD BASE,Iluminación
2510,84360,TABLE LAMP WHITE SHADE WOOD BASE,Iluminación
2511,84375,SET OF 20 KIDS COOKIE CUTTERS,Otros
2512,84378,SET OF 3 HEART COOKIE CUTTERS,Otros
2513,84380,SET OF 3 BUTTERFLY COOKIE CUTTERS,Otros
2514,84388,WISE MAN STAR SHAPE EGG PAN,Navidad y temporada
2515,84406B,CREAM CUPID HEARTS COAT HANGER,Cocina y vajilla
2516,84429A,MEDIUM PINK BUDDHA HEAD,Otros
2517,84452,METAL RABBIT LADDER EASTER,Otros
2518,84457,SET/3 RABBITS FLOWER SKIPPPING ROPE,Otros
2519,84459A,PINK METAL CHICKEN HEART,Otros
2520,84459B,YELLOW METAL CHICKEN HEART,Otros
2521,84465,15 PINK FLUFFY CHICKS IN BOX,Papelería y embalaje
2522,84497,BUTTONS AND STRIPES NOTEBOOK,Otros
2523,84507B,STRIPES DESIGN MONKEY DOLL,Juguetes
2524,84507C,BLUE CIRCLES DESIGN MONKEY DOLL,Juguetes
2525,84508A,CAMOUFLAGE DESIGN TEDDY,Otros
2526,84508B,STRIPES DESIGN TEDDY,Otros
2527,84508C,BLUE CIRCLES DESIGN TEDDY,Otros
2528,84509A,SET OF 4 ENGLISH ROSE PLACEMATS,Otros
2529,84509B,SET OF 4 FAIRY CAKE PLACEMATS,Otros
2530,84509C,SET OF 4 POLKADOT PLACEMATS,Otros
2531,84509E,SET OF 4 CAROUSEL PLACEMATS,Otros
2532,84509G,SET OF 4 FAIRY CAKE PLACEMATS,Otros
2533,84510A,SET OF 4 ENGLISH ROSE COASTERS,Otros
2534,84510C,SET OF 4 POLKADOT COASTERS,Otros
2535,84519A,TOMATO CHARLIE+LOLA COASTER SET,Otros
2536,84519B,CARROT CHARLIE+LOLA COASTER SET,Otros
2537,84520B,PACK 20 ENGLISH ROSE PAPER NAPKINS,Papelería y embalaje
2538,84522,PINK PARTY SUNGLASSES,Otros
2539,84527,FLAMES SUNGLASSES PINK LENSES,Otros
2540,84531A,PINK KNITTED EGG COSY,Otros
2541,84531B,BLUE KNITTED EGG COSY,Otros
2542,84535A,ENGLISH ROSE NOTEBOOK A6 SIZE,Otros
2543,84535B,FAIRY CAKES NOTEBOOK A6 SIZE,Otros
2544,84536A,ENGLISH ROSE NOTEBOOK A7 SIZE,Otros
2545,84536B,FAIRY CAKES NOTEBOOK A7 SIZE,Otros
2546,84548,CROCHET BEAR RED/BLUE  KEYRING,Otros
2547,84551,CROCHET DOG KEYRING,Otros
2548,84558A,3D DOG PICTURE PLAYING CARDS,Otros
2549,84559A,3D SHEET OF DOG STICKERS,Otros
2550,84559B,3D SHEET OF CAT STICKERS,Otros
2551,84563A,PINK & WHITE BREAKFAST TRAY,Otros
2552,84563B,BLUE & WHITE BREAKFAST TRAY,Otros
2553,84568,GIRLS ALPHABET IRON ON PATCHES,Otros
2554,84569A,PACK 3 IRON ON DOG PATCHES,Otros
2555,84569D,PACK 6 HEART/ICE-CREAM PATCHES,Otros
2556,84580,MOUSE TOY WITH PINK T-SHIRT,Juguetes
2557,84581,DOG TOY WITH PINK CROCHET SKIRT,Juguetes
2558,84584,PINK GINGHAM CAT WITH SCARF,Otros
2559,84592,CROCHET ROSE PURSE WITH SUEDE BACK,Otros
2560,84596B,SMALL DOLLY MIX DESIGN ORANGE BOWL,Cocina y vajilla
2561,84596E,SMALL LICORICE DES PINK BOWL,Cocina y vajilla
2562,84596F,SMALL MARSHMALLOWS PINK BOWL,Cocina y vajilla
2563,84596G,SMALL CHOCOLATES PINK BOWL,Cocina y vajilla
2564,84596J,MIXED NUTS LIGHT GREEN BOWL,Cocina y vajilla
2565,84596L,BISCUITS SMALL BOWL LIGHT BLUE,Cocina y vajilla
2566,84597B,RETRO BROWN BALL ASHTRAY,Otros
2567,84600,NEW BAROQUE JEWELLERY BOX,Papelería y embalaje
2568,84625A,PINK NEW BAROQUECANDLESTICK CANDLE,Decoración del hogar
2569,84625C,BLUE NEW BAROQUE CANDLESTICK CANDLE,Decoración del hogar
2570,84632,DECORATIVE HANGING SHELVING UNIT,Otros
2571,84638,SMALL KITCHEN FLOWER POTS PLAQUE,Otros
2572,84658,WHITE STITCHED CUSHION COVER,Otros
2573,84659A,WHITE TRAVEL ALARM CLOCK,Otros
2574,84660A,WHITE STITCHED WALL CLOCK,Otros
2575,84660B,BLACK STITCHED WALL CLOCK,Otros
2576,84660C,PINK STITCHED WALL CLOCK,Otros
2577,84661A,WHITE SQUARE TABLE CLOCK,Otros
2578,84665,SQUARE CHERRY BLOSSOM CABINET,Otros
2579,84673A,PINK FLY SWAT,Otros
2580,84673B,BLUE FLY SWAT,Otros
2581,84674,FLYING PIG WATERING CAN,Otros
2582,84675,FROG KING WATERING CAN,Otros
2583,84678,CLASSICAL ROSE SMALL VASE,Otros
2584,84683,CLASSICAL ROSE CANDLESTAND,Decoración del hogar
2585,84688,BEACH HUT DESIGN BLACKBOARD,Otros
2586,84691,PACK 20 DOLLY PEGS,Juguetes
2587,84692,BOX OF 24 COCKTAIL PARASOLS,Papelería y embalaje
2588,84705C,PINK FLOCK PHOTO FRAME,Otros
2589,84706F,RED PEONY TABLE CLOCK,Otros
2590,84707A,SILVER JEWELLED MIRROR TRINKET TRAY,Otros
2591,84707B,PINK JEWELLED MIRROR TRINKET TRAY,Otros
2592,84708B,PINK JEWELLED PHOTO FRAME,Otros
2593,84711A,SILVER OVAL SHAPE TRINKET BOX,Papelería y embalaje
2594,84711B,PINK OVAL SHAPE TRINKET BOX,Papelería y embalaje
2595,84712B,PINK JEWELLED PHOTO FRAME,Otros
2596,84715,SET OF 6 ICE CREAM SKITTLES,Otros
2597,84725,FREESTYLE CANVAS ART PICTURE,Otros
2598,84731,3 BIRDS CANVAS SCREEN,Otros
2599,84741C,CITRUS GARLAND FELT FLOWERS,Otros
2600,84744,S/6 SEW ON CROCHET FLOWERS,Otros
2601,84750B,BLACK SMALL GLASS CAKE STAND,Otros
2602,84754,S/15 SILVER GLASS BAUBLES IN BAG,Papelería y embalaje
2603,84755,COLOUR GLASS T-LIGHT HOLDER HANGING,Iluminación
2604,84763,ZINC FINISH 15CM PLANTER POTS,Otros
2605,84773,RED ROSE AND LACE C/COVER,Otros
2606,84789,ENCHANTED BIRD PLANT CAGE,Otros
2607,84792,ENCHANTED BIRD COATHANGER 5 HOOK,Otros
2608,84795B,SUNSET CHECK HAMMOCK,Otros
2609,84798A,PINK FOXGLOVE ARTIIFCIAL FLOWER,Otros
2610,84800L,LARGE WHITE/PINK ROSE ART FLOWER,Otros
2611,84800S,SMALL WHITE/PINK ROSE ART FLOWER,Otros
2612,84813,SET OF 4 DIAMOND NAPKIN RINGS,Otros
2613,84817,DANISH ROSE DECORATIVE PLATE,Cocina y vajilla
2614,84818,DANISH ROSE PHOTO FRAME,Otros
2615,84819,DANISH ROSE ROUND SEWING BOX,Papelería y embalaje
2616,84820,DANISH ROSE TRINKET TRAYS,Otros
2617,84821,DANISH ROSE DELUXE COASTER,Otros
2618,84826,ASSTD DESIGN 3D PAPER STICKERS,Papelería y embalaje
2619,84827,ASS DES PHONE SPONGE CRAFT STICKER,Otros
2620,84828,JUNGLE POPSICLES ICE LOLLY MOULDS,Otros
2621,84832,ZINC WILLIE WINKIE  CANDLE STICK,Decoración del hogar
2622,84836,ZINC METAL HEART DECORATION,Otros
2623,84840,SWEETHEART CARRY-ALL BASKET,Otros
2624,84842,HELLO SAILOR BATHROOM SET,Otros
2625,84843,WHITE SOAP RACK WITH 2 BOTTLES,Otros
2626,84846A,SCENTED CANDLE IN DIGITALIS TIN,Decoración del hogar
2627,84847,FLORAL BATHROOM SET,Otros
2628,84849A,HELLO SAILOR BLUE SOAP HOLDER,Otros
2629,84849B,FAIRY SOAP SOAP HOLDER,Otros
2630,84849D,HOT BATHS SOAP HOLDER,Otros
2631,84857C,PINK MONTE CARLO HANDBAG,Papelería y embalaje
2632,84858C,PINK RIVIERA HANDBAG,Papelería y embalaje
2633,84859A,SILVER DISCO HANDBAG,Papelería y embalaje
2634,84859B,BLUE DISCO HANDBAG,Papelería y embalaje
2635,84859C,PINK DISCO HANDBAG,Papelería y embalaje
2636,84870B,BLUE GEISHA GIRL,Otros
2637,84870C,GREEN GEISHA GIRL,Otros
2638,84874B,BLUE TRAVEL FIRST AID KIT,Otros
2639,84875B,GREEN SQUARE COMPACT MIRROR,Otros
2640,84876B,GREEN HEART COMPACT MIRROR,Otros
2641,84876D,BLUE HEART COMPACT MIRROR,Otros
2642,84877B,GREEN ROUND COMPACT MIRROR,Otros
2643,84877D,BLUE ROUND COMPACT MIRROR,Otros
2644,84879,ASSORTED COLOUR BIRD ORNAMENT,Decoración del hogar
2645,84880,WHITE WIRE EGG HOLDER,Otros
2646,84882,GREEN WIRE STANDING CANDLE HOLDER,Decoración del hogar
2647,84884A,ANT WHITE WIRE HEART SPIRAL,Otros
2648,84898F,YELLOW FLOWERS FELT HANDBAG KIT,Papelería y embalaje
2649,84912A,PINK ROSE WASHBAG,Papelería y embalaje
2650,84912B,GREEN ROSE WASHBAG,Papelería y embalaje
2651,84913A,SOFT PINK ROSE TOWEL,Otros
2652,84913B,MINT GREEN ROSE TOWEL,Otros
2653,84915,HAND TOWEL PINK FLOWER AND DAISY,Otros
2654,84916,HAND TOWEL PALE BLUE W FLOWERS,Otros
2655,84917,WHITE HAND TOWEL WITH BUTTERFLY,Otros
2656,84919,BLUE CUSHION COVER WITH FLOWER,Otros
2657,84922,PINK BUTTERFLY WASHBAG,Papelería y embalaje
2658,84924A,WAKE UP COCKEREL CALENDAR SIGN,Otros
2659,84925F,PSYCHEDELIC WALL THERMOMETER,Otros
2660,84926A,WAKE UP COCKEREL TILE COASTER,Otros
2661,84926D,LA PALMIERA TILE COASTER,Otros
2662,84926E,FLOWERS TILE COASTER,Otros
2663,84926F,PSYCHEDELIC TILE COASTER,Otros
2664,84927D,LA PALMIERA TILE HOOK,Otros
2665,84927E,FLOWERS TILE HOOK,Otros
2666,84927F,PSYCHEDELIC TILE HOOK,Otros
2667,84929,ASSTD FRUIT+FLOWERS FRIDGE MAGNETS,Otros
2668,84931A,PINK SCOTTIE DOG W FLOWER PATTERN,Otros
2669,84931B,BLUE SCOTTIE DOG W FLOWER PATTERN,Otros
2670,84944,SET OF 6 KASHMIR FOLKART BAUBLES,Otros
2671,84945,MULTI COLOUR SILVER T-LIGHT HOLDER,Iluminación
2672,84946,ANTIQUE SILVER T-LIGHT GLASS,Iluminación
2673,84947,ANTIQUE SILVER TEA GLASS ENGRAVED,Otros
2674,84949,SILVER HANGING T-LIGHT HOLDER,Iluminación
2675,84950,ASSORTED COLOUR T-LIGHT HOLDER,Iluminación
2676,84951A,SET OF 4 PISTACHIO LOVEBIRD COASTER,Otros
2677,84951B,SET OF 4 BLACK LOVEBIRD COASTERS,Otros
2678,84968A,SET OF 16 VINTAGE ROSE CUTLERY,Otros
2679,84968C,SET OF 16 VINTAGE PISTACHIO CUTLERY,Otros
2680,84968D,SET OF 16 VINTAGE RED CUTLERY,Otros
2681,84968E,SET OF 16 VINTAGE BLACK CUTLERY,Otros
2682,84969,BOX OF 6 ASSORTED COLOUR TEASPOONS,Papelería y embalaje
2683,84970L,SINGLE HEART ZINC T-LIGHT HOLDER,Iluminación
2684,84970S,HANGING HEART ZINC T-LIGHT HOLDER,Iluminación
2685,84971S,SMALL HEART FLOWERS HOOK,Otros
2686,84974,S/2 ZINC HEART DESIGN PLANTERS,Otros
2687,84976,RECTANGULAR SHAPED MIRROR,Otros
2688,84978,HANGING HEART JAR T-LIGHT HOLDER,Iluminación
2689,84984A,GREEN PEONY CUSHION COVER,Otros
2690,84985A,SET OF 72 GREEN PAPER DOILIES,Papelería y embalaje
2691,84987,SET OF 36 TEATIME PAPER DOILIES,Papelería y embalaje
2692,84988,SET OF 72 PINK HEART PAPER DOILIES,Papelería y embalaje
2693,84989A,75 GREEN FAIRY CAKE CASES,Otros
2694,84991,60 TEATIME FAIRY CAKE CASES,Otros
2695,84992,72 SWEETHEART FAIRY CAKE CASES,Otros
2696,84993A,75 GREEN PETIT FOUR CASES,Otros
2697,84993B,75 BLACK PETIT FOUR CASES,Otros
2698,84997A,CHILDRENS CUTLERY POLKADOT GREEN,Otros
2699,84997B,CHILDRENS CUTLERY RETROSPOT RED,Otros
2700,84997C,CHILDRENS CUTLERY POLKADOT BLUE,Otros
2701,84997D,CHILDRENS CUTLERY POLKADOT PINK,Otros
2702,85006,SET 4 NURSERY DES ROUND BOXES,Papelería y embalaje
2703,85008,SET OF 3 CONEY ISLAND OVAL BOXES,Papelería y embalaje
2704,85014A,BLACK/BLUE POLKADOT UMBRELLA,Otros
2705,85014B,RED RETROSPOT UMBRELLA,Otros
2706,85015,SET OF 12  VINTAGE POSTCARD SET,Otros
2707,85016,SET OF 6 VINTAGE NOTELETS KIT,Otros
2708,85017B,ENVELOPE 50 BLOSSOM IMAGES,Otros
2709,85017C,ENVELOPE 50 CURIOUS IMAGES,Otros
2710,85018D,YULETIDE IMAGES S/6 PAPER BOXES,Papelería y embalaje
2711,85019B,BLOSSOM  IMAGES NOTEBOOK SET,Otros
2712,85019C,CURIOUS  IMAGES NOTEBOOK SET,Otros
2713,85020,ROUND PINK HEART MIRROR,Otros
2714,85024B,EAU DE NILE JEWELLED PHOTOFRAME,Otros
2715,85024C,PINK SMALL JEWELLED PHOTOFRAME,Otros
2716,85025B,EAU DE NILE HEART SHAPE PHOTO FRAME,Otros
2717,85025C,PINK HEART SHAPE PHOTO FRAME,Otros
2718,85026B,EAU DE NILE JEWELLED T-LIGHT HOLDER,Iluminación
2719,85028S,FRENCH CHATEAU SMALL FRUITBOWL,Cocina y vajilla
2720,85030,FRENCH CHATEAU OVAL PLATTER,Otros
2721,85031A,ROMANTIC IMAGES SCRAP BOOK SET,Otros
2722,85032A,ROMANTIC IMAGES GIFT WRAP SET,Otros
2723,85032B,BLOSSOM IMAGES GIFT WRAP SET,Otros
2724,85032C,CURIOUS IMAGES GIFT WRAP SET,Otros
2725,85032D,YULETIDE IMAGES GIFT WRAP SET,Otros
2726,85034A,3 GARDENIA MORRIS BOXED CANDLES,Decoración del hogar
2727,85034B,3 WHITE CHOC MORRIS BOXED CANDLES,Decoración del hogar
2728,85034C,3 ROSE MORRIS BOXED CANDLES,Decoración del hogar
2729,85035A,GARDENIA 3 WICK MORRIS BOXED CANDLE,Decoración del hogar
2730,85035B,CHOCOLATE 3 WICK MORRIS BOX CANDLE,Decoración del hogar
2731,85035C,ROSE 3 WICK MORRIS BOX CANDLE,Decoración del hogar
2732,85036A,GARDENIA 1 WICK MORRIS BOXED CANDLE,Decoración del hogar
2733,85036B,CHOCOLATE 1 WICK MORRIS BOX CANDLE,Decoración del hogar
2734,85036C,ROSE 1 WICK MORRIS BOXED CANDLE,Decoración del hogar
2735,85038,6 CHOCOLATE LOVE HEART T-LIGHTS,Iluminación
2736,85039A,SET/4 RED MINI ROSE CANDLE IN BOWL,Decoración del hogar
2737,85039B,S/4 IVORY MINI ROSE CANDLE IN BOWL,Decoración del hogar
2738,85040A,S/4 PINK FLOWER CANDLES IN BOWL,Decoración del hogar
2739,85040B,SET/4 BLUE FLOWER CANDLES IN BOWL,Decoración del hogar
2740,85045,GREEN CHRISTMAS TREE STRING 20LIGHT,Navidad y temporada
2741,85048,15CM CHRISTMAS GLASS BALL 20 LIGHTS,Navidad y temporada
2742,85049A,TRADITIONAL CHRISTMAS RIBBONS,Navidad y temporada
2743,85049B,LUSH GREENS RIBBONS,Otros
2744,85049C,ROMANTIC PINKS RIBBONS,Otros
2745,85049D,BRIGHT BLUES RIBBONS,Otros
2746,85049E,SCANDINAVIAN REDS RIBBONS,Otros
2747,85049F,BABY BOOM RIBBONS,Otros
2748,85049G,CHOCOLATE BOX RIBBONS,Papelería y embalaje
2749,85049H,URBAN BLACK RIBBONS,Otros
2750,85053,FRENCH ENAMEL CANDLEHOLDER,Decoración del hogar
2751,85054,FRENCH ENAMEL POT W LID,Otros
2752,85059,FRENCH ENAMEL WATER BASIN,Otros
2753,85061W,WHITE JEWELLED HEART DECORATION,Otros
2754,85062,PEARL CRYSTAL PUMPKIN T-LIGHT HLDR,Iluminación
2755,85064,CREAM SWEETHEART LETTER RACK,Otros
2756,85066,CREAM SWEETHEART MINI CHEST,Otros
2757,85071A,BLUE CHARLIE+LOLA PERSONAL DOORSIGN,Otros
2758,85071B,RED CHARLIE+LOLA PERSONAL DOORSIGN,Otros
2759,85071C,"CHARLIE+LOLA""EXTREMELY BUSY"" SIGN",Otros
2760,85071D,CHARLIE+LOLA MY ROOM DOOR SIGN,Otros
2761,85078,SCANDINAVIAN 3 HEARTS NAPKIN RING,Otros
2762,85084,HOLLY TOP CHRISTMAS STOCKING,Navidad y temporada
2763,85087,CANDY SPOT CUSHION COVER,Otros
2764,85088,CANDY SPOT HAND BAG,Papelería y embalaje
2765,85093,CANDY SPOT EGG WARMER HARE,Otros
2766,85094,CANDY SPOT EGG WARMER RABBIT,Otros
2767,85099B,JUMBO BAG RED RETROSPOT,Papelería y embalaje
2768,85099C,JUMBO  BAG BAROQUE BLACK WHITE,Papelería y embalaje
2769,85099F,JUMBO BAG STRAWBERRY,Papelería y embalaje
2770,85104,SILVER GLASS T-LIGHT SET,Iluminación
2771,85106,CUT GLASS HEXAGON T-LIGHT HOLDER,Iluminación
2772,85107,CUT GLASS T-LIGHT HOLDER OCTAGON,Iluminación
2773,85111,SILVER GLITTER FLOWER VOTIVE HOLDER,Otros
2774,85114A,BLACK ENCHANTED FOREST PLACEMAT,Otros
2775,85114B,IVORY ENCHANTED FOREST PLACEMAT,Otros
2776,85114C,RED ENCHANTED FOREST PLACEMAT,Otros
2777,85116,BLACK CANDELABRA T-LIGHT HOLDER,Iluminación
2778,85118,HEART T-LIGHT HOLDER,Iluminación
2779,85123A,WHITE HANGING HEART T-LIGHT HOLDER,Iluminación
2780,85124B,BLUE JUICY FRUIT PHOTO FRAME,Otros
2781,85125,SMALL ROUND CUT GLASS CANDLESTICK,Decoración del hogar
2782,85127,SMALL SQUARE CUT GLASS CANDLESTICK,Decoración del hogar
2783,85129B,BEADED CRYSTAL HEART GREEN SMALL,Otros
2784,85129C,BEADED CRYSTAL HEART BLUE SMALL,Otros
2785,85130A,BEADED PEARL HEART WHITE LARGE,Otros
2786,85130B,BEADED CRYSTAL HEART GREEN LARGE,Otros
2787,85130C,BEADED CRYSTAL HEART BLUE  LARGE,Otros
2788,85130D,BEADED CRYSTAL HEART PINK LARGE,Otros
2789,85131A,BEADED PEARL HEART WHITE ON STICK,Otros
2790,85131B,BEADED CRYSTAL HEART GREEN ON STICK,Otros
2791,85131C,BEADED CRYSTAL HEART BLUE ON STICK,Otros
2792,85132A,CHARLIE + LOLA BISCUITS TINS,Otros
2793,85132B,CHARLIE AND LOLA TABLE TINS,Otros
2794,85132C,CHARLIE AND LOLA FIGURES TINS,Otros
2795,85135A,YELLOW DRAGONFLY HELICOPTER,Otros
2796,85135B,BLUE DRAGONFLY HELICOPTER,Otros
2797,85135C,RED DRAGONFLY HELICOPTER,Otros
2798,85136A,YELLOW SHARK HELICOPTER,Otros
2799,85141,JARDIN ETCHED GLASS FRUITBOWL,Cocina y vajilla
2800,85144,JARDIN ETCHED GLASS CHEESE DISH,Otros
2801,85150,LADIES & GENTLEMEN METAL SIGN,Otros
2802,85152,HAND OVER THE CHOCOLATE   SIGN,Otros
2803,85159A,"BLACK TEA,COFFEE,SUGAR JARS",Otros
2804,85159B,"WHITE TEA,COFFEE,SUGAR JARS",Otros
2805,85160B,BLACK BIRD GARDEN DESIGN MUG,Cocina y vajilla
2806,85163A,WHITE BAROQUE WALL CLOCK,Otros
2807,85163B,BLACK BAROQUE WALL CLOCK,Otros
2808,85167B,BLACK GRAND BAROQUE PHOTO FRAME,Otros
2809,85169A,IVORY LOVE BIRD CANDLE,Decoración del hogar
2810,85169B,BLACK LOVE BIRD CANDLE,Decoración del hogar
2811,85169C,EAU DE NIL LOVE BIRD CANDLE,Decoración del hogar
2812,85170B,SET/6 BLACK BIRD T-LIGHT CANDLES,Decoración del hogar
2813,85170C,SET/6 EAU DE NIL BIRD T-LIGHTS,Iluminación
2814,85170D,SET/6 PINK BIRD T-LIGHT CANDLES,Decoración del hogar
2815,85172,HYACINTH BULB T-LIGHT CANDLES,Decoración del hogar
2816,85173,SET/6 FROG PRINCE T-LIGHT CANDLES,Decoración del hogar
2817,85174,S/4 CACTI CANDLES,Decoración del hogar
2818,85175,CACTI T-LIGHT CANDLES,Decoración del hogar
2819,85176,SEWING SUSAN 21 NEEDLE SET,Otros
2820,85177,BASKET OF FLOWERS SEWING KIT,Otros
2821,85178,VICTORIAN SEWING KIT,Otros
2822,85179A,GREEN BITTY LIGHT CHAIN,Iluminación
2823,85180A,RED HEARTS LIGHT CHAIN,Iluminación
2824,85180B,PINK HEARTS LIGHT CHAIN,Iluminación
2825,85183A,CHARLIE & LOLA WASTEPAPER BIN BLUE,Papelería y embalaje
2826,85183B,CHARLIE & LOLA WASTEPAPER BIN FLORA,Papelería y embalaje
2827,85184C,SET 4 VALENTINE DECOUPAGE HEART BOX,Papelería y embalaje
2828,85185B,PINK HORSE SOCK PUPPET KIT,Otros
2829,85185D,FROG SOCK PUPPET,Otros
2830,85186A,EASTER BUNNY GARLAND OF FLOWERS,Otros
2831,85186C,BUNNY EGG GARLAND,Otros
2832,85187,S/12 MINI RABBIT EASTER,Otros
2833,85188A,GREEN METAL SWINGING BUNNY,Otros
2834,85188B,PINK METAL SWINGING BUNNY,Otros
2835,85189,HANGING BUTTERFLY  EGG,Otros
2836,85194L,HANGING SPRING FLOWER EGG LARGE,Otros
2837,85194S,HANGING SPRING FLOWER EGG SMALL,Otros
2838,85195,HANGING HEART BASKET,Otros
2839,85199L,LARGE HANGING IVORY & RED WOOD BIRD,Otros
2840,85199S,SMALL HANGING IVORY/RED WOOD BIRD,Otros
2841,85200,BUNNY EGG BOX,Papelería y embalaje
2842,85202,HANGING WOOD AND FELT HEART,Otros
2843,85203,HANGING WOOD AND FELT BUTTERFLY,Otros
2844,85204,HANGING WOOD AND FELT FLOWER,Otros
2845,85205B,PINK FELT EASTER RABBIT GARLAND,Otros
2846,85206A,CREAM FELT EASTER EGG BASKET,Otros
2847,85208,SET/12 FUNKY FELT FLOWER PEG IN BAG,Papelería y embalaje
2848,85211,S/4 GROOVY CAT MAGNETS,Otros
2849,85212,MINI PAINTED GARDEN DECORATION,Otros
2850,85213,MINI  ZINC GARDEN DECORATIONS,Otros
2851,85214,TUB 24 PINK FLOWER PEGS,Otros
2852,85215,ASSORTED CHEESE FRIDGE MAGNETS,Otros
2853,85227,SET OF 6 3D KIT CARDS FOR KIDS,Otros
2854,85230A,OPIUM SCENTED VOTIVE CANDLE,Decoración del hogar
2855,85230B,CINNAMON SCENTED VOTIVE CANDLE,Decoración del hogar
2856,85230E,STRAWBRY SCENTED VOTIVE CANDLE,Decoración del hogar
2857,85230F,JASMINE VOTIVE CANDLE,Decoración del hogar
2858,85230G,ORANGE VOTIVE CANDLE,Decoración del hogar
2859,85231B,CINAMMON SET OF 9 T-LIGHTS,Iluminación
2860,85231G,ORANGE SCENTED SET/9 T-LIGHTS,Iluminación
2861,85232A,SET/3 POLKADOT STACKING TINS,Otros
2862,85232D,SET/3 DECOUPAGE STACKING TINS,Otros
2863,90001D,ANTIQUE OLIVE GREEN FLOWER EARRINGS,Otros
2864,90002D,FLOWER BURST SILVER RING CRYSTAL,Otros
2865,90010E,AMBER GLASS/SILVER BRACELET,Otros
2866,90014A,SILVER/MOP ORBIT NECKLACE,Otros
2867,90014B,GOLD M PEARL  ORBIT NECKLACE,Otros
2868,90018C,SILVER BLACK ORBIT DROP EARRINGS,Otros
2869,90019B,GOLD M.O.P ORBIT BRACELET,Otros
2870,90019C,SILVER BLACK ORBIT BRACELET,Otros
2871,90026B,GLASS BEAD HOOP NECKLACE MONTANA,Otros
2872,90026D,GLASS BEAD HOOP NECKLACE AMETHYST,Otros
2873,90030A,SPOTTED WHITE NATURAL SEED NECKLACE,Otros
2874,90030B,RED KUKUI COCONUT SEED NECKLACE,Otros
2875,90032,IVORY SHELL HEART NECKLACE,Otros
2876,90035C,"PEARL & SHELL 42""NECKL. IVORY",Otros
2877,90036B,"FLOWER GLASS GARLAND NECKL.36""GREEN",Otros
2878,90040B,MURANO STYLE GLASS BRACELET BLACK,Otros
2879,90051,CRACKED GLAZE NECKLACE RED,Otros
2880,90058A,CRYSTAL STUD EARRINGS CLEAR DISPLAY,Otros
2881,90058B,CRYSTAL STUD EARRINGS ASSORTED COL,Otros
2882,90059C,DIAMANTE HAIR GRIP PACK/2 MONTANA,Otros
2883,90059E,DIAMANTE HAIR GRIP PACK/2 RUBY,Otros
2884,90064B,BLACK VINTAGE  CRYSTAL EARRINGS,Otros
2885,90081A,LILY BROOCH AMETHYST COLOUR,Otros
2886,90081C,LILY BROOCH OLIVE COLOUR,Otros
2887,90082A,DIAMANTE BOW BROOCH GREEN COLOUR,Otros
2888,90082B,DIAMANTE BOW BROOCH RED COLOUR,Otros
2889,90082D,DIAMANTE BOW BROOCH BLACK COLOUR,Otros
2890,90086,CRYSTAL FROG PHONE CHARM,Otros
2891,90089,PINK CRYSTAL SKULL PHONE CHARM,Otros
2892,90094,NECKLACE+BRACELET SET FRUIT SALAD,Otros
2893,90101,WHITE FRANGIPANI NECKLACE,Otros
2894,90108,BLUE BLOSSOM HAIR CLIP,Otros
2895,90114,SUMMER DAISIES BAG CHARM,Papelería y embalaje
2896,90119,METALIC LEAVES BAG CHARMS,Papelería y embalaje
2897,90120D,WHITE MURANO TWIST BRACELET,Otros
2898,90122A,PINK CRYSTAL+GLASS BRACELET,Otros
2899,90123A,PINK HEART OF GLASS BRACELET,Otros
2900,90123C,GREEN HEART OF GLASS BRACELET,Otros
2901,90125D,PURPLE BERTIE GLASS BEAD BAG CHARM,Papelería y embalaje
2902,90129C,GREEN GLASS TASSLE BAG CHARM,Papelería y embalaje
2903,90130B,TURQ STONE/CRYSTAL EARRINGS,Otros
2904,90136,PALE PINK/AMETHYST STONE NECKLACE,Otros
2905,90147,CHUNKY SILVER NECKLACE PASTEL FLOWE,Otros
2906,90154,LAZER CUT NECKLACE W PASTEL BEADS,Otros
2907,90160A,PURPLE BOUDICCA LARGE BRACELET,Otros
2908,90160C,TURQ+RED BOUDICCA LARGE BRACELET,Otros
2909,90160D,PINK BOUDICCA LARGE BRACELET,Otros
2910,90161B,ANT COPPER TURQ BOUDICCA BRACELET,Otros
2911,90161C,ANT COPPER LIME BOUDICCA BRACELET,Otros
2912,90162B,ANT SILVER LIME GREEN BOUDICCA RING,Otros
2913,90162C,ANT SILVER FUSCHIA BOUDICCA RING,Otros
2914,90163A,PINK ROSEBUD & PEARL NECKLACE,Otros
2915,90166,PINK & WHITE ROSEBUD RING,Otros
2916,90169,DAISY HAIR COMB,Otros
2917,90173,PAIR BUTTERFLY HAIR CLIPS,Otros
2918,90174,BUTTERFLY HAIR BAND,Otros
2919,90175A,WHITE GLASS CHUNKY CHARM BRACELET,Otros
2920,90175C,BLUE GLASS CHUNKY CHARM BRACELET,Otros
2921,90177D,DROP DIAMANTE EARRINGS PURPLE,Otros
2922,90180B,PURPLE AMETHYST NECKLACE W TASSEL,Otros
2923,90182C,BLACK 3 BEAD DROP EARRINGS,Otros
2924,90184A,AMBER CHUNKY BEAD BRACELET W STRAP,Otros
2925,90184C,BLACK CHUNKY BEAD BRACELET W STRAP,Otros
2926,90185C,BLACK DIAMANTE EXPANDABLE RING,Otros
2927,90186B,CRYSTAL HOOP EARRING FLORAL LEAF,Otros
2928,90188,DROP EARRINGS W FLOWER & LEAF,Otros
2929,90189A,SILVER 2 STRAND NECKLACE-LEAF CHARM,Otros
2930,90194,SILVER LARIAT BLACK STONE EARRINGS,Otros
2931,90196A,PURPLE GEMSTONE NECKLACE 45CM,Otros
2932,90196B,BLACK GEMSTONE NECKLACE 45CM,Otros
2933,90198A,VINTAGE ROSE BEAD BRACELET RASPBERR,Otros
2934,90198B,VINTAGE ROSE BEAD BRACELET BLACK,Otros
2935,90199C,5 STRAND GLASS NECKLACE CRYSTAL,Otros
2936,90200B,BLACK SWEETHEART BRACELET,Otros
2937,90200D,PINK SWEETHEART BRACELET,Otros
2938,90200E,GREEN SWEETHEART BRACELET,Otros
2939,90201B,BLACK ENAMEL FLOWER RING,Otros
2940,90201D,GREEN ENAMEL FLOWER RING,Otros
2941,90202B,WHITE ENAMEL FLOWER HAIR TIE,Otros
2942,90202D,PINK ENAMEL FLOWER HAIR TIE,Otros
2943,90204,PAIR OF ENAMEL BUTTERFLY HAIRCLIP,Otros
2944,90205A,LARGE MINT DIAMANTE HAIRSLIDE,Otros
2945,90208,PAIR OF PINK FLOWER CLUSTER SLIDE,Otros
2946,90209B,GREEN ENAMEL+GLASS HAIR COMB,Otros
2947,90209C,PINK ENAMEL+GLASS HAIR COMB,Otros
2948,90210B,CLEAR ACRYLIC FACETED BANGLE,Otros
2949,90210D,PURPLE ACRYLIC FACETED BANGLE,Otros
2950,90214A,"LETTER ""A"" BLING KEY RING",Otros
2951,90214C,"LETTER ""C"" BLING KEY RING",Otros
2952,90214D,"LETTER ""D"" BLING KEY RING",Otros
2953,90214E,"LETTER ""E"" BLING KEY RING",Otros
2954,90214K,"LETTER ""K"" BLING KEY RING",Otros
2955,90214L,"LETTER ""L"" BLING KEY RING",Otros
2956,90214P,"LETTER ""P"" BLING KEY RING",Otros
2957,90214R,"LETTER ""R"" BLING KEY RING",Otros
2958,90214Y,"LETTER ""Y"" BLING KEY RING",Otros
2959,BANK CHARGES,Bank Charges,Otros
2960,C2,CARRIAGE,Otros
2961,DOT,DOTCOM POSTAGE,Otros
2962,M,Manual,Otros
2963,PADS,PADS TO MATCH ALL CUSHIONS,Otros
2964,POST,POSTAGE,Otros
