Customer_Key,Customer_ID,Country,Region
1,12346,United Kingdom,Europe
2,12347,Iceland,Other
3,12348,Finland,Europe
4,12349,Italy,Europe
5,12350,Norway,Europe
6,12352,Norway,Europe
7,12353,Bahrain,Other
8,12354,Spain,Europe
9,12355,Bahrain,Other
10,12356,Portugal,Europe
11,12357,Switzerland,Europe
12,12358,Austria,Europe
13,12359,Cyprus,Other
14,12360,Austria,Europe
15,12361,Belgium,Europe
16,12362,Belgium,Europe
17,12364,Belgium,Europe
18,12365,Cyprus,Other
19,12367,Denmark,Europe
20,12370,Cyprus,Other
21,12371,Switzerland,Europe
22,12372,Denmark,Europe
23,12374,Austria,Europe
24,12375,Finland,Europe
25,12377,Switzerland,Europe
26,12378,Switzerland,Europe
27,12379,Belgium,Europe
28,12380,Belgium,Europe
29,12381,Norway,Europe
30,12383,Belgium,Europe
31,12384,Switzerland,Europe
32,12386,Australia,Oceania
33,12388,Australia,Oceania
34,12390,Belgium,Europe
35,12391,Cyprus,Other
36,12393,Australia,Oceania
37,12394,Belgium,Europe
38,12395,Belgium,Europe
39,12397,Belgium,Europe
40,12398,Switzerland,Europe
41,12399,Belgium,Europe
42,12402,Belgium,Europe
43,12403,Denmark,Europe
44,12405,Finland,Europe
45,12406,Denmark,Europe
46,12407,Belgium,Europe
47,12408,Belgium,Europe
48,12409,Switzerland,Europe
49,12410,Switzerland,Europe
50,12412,Denmark,Europe
51,12413,France,Europe
52,12414,Austria,Europe
53,12415,Australia,Oceania
54,12417,Belgium,Europe
55,12418,Switzerland,Europe
56,12420,Cyprus,Other
57,12421,Spain,Europe
58,12422,Australia,Oceania
59,12423,Belgium,Europe
60,12424,Australia,Oceania
61,12426,Germany,Europe
62,12427,Germany,Europe
63,12428,Finland,Europe
64,12429,Denmark,Europe
65,12430,Norway,Europe
66,12431,Belgium,Europe
67,12432,Norway,Europe
68,12433,Norway,Europe
69,12434,Australia,Oceania
70,12435,Denmark,Europe
71,12437,France,Europe
72,12438,Norway,Europe
73,12441,France,Europe
74,12444,Norway,Europe
75,12445,Spain,Europe
76,12446,RSA,Other
77,12447,Belgium,Europe
78,12448,Spain,Europe
79,12449,Belgium,Europe
80,12450,Spain,Europe
81,12451,Switzerland,Europe
82,12452,Switzerland,Europe
83,12455,Spain,Europe
84,12456,Switzerland,Europe
85,12457,Switzerland,Europe
86,12458,Switzerland,Europe
87,12461,Switzerland,Europe
88,12462,Spain,Europe
89,12463,Belgium,Europe
90,12464,Belgium,Europe
91,12465,Belgium,Europe
92,12468,Germany,Europe
93,12471,Germany,Europe
94,12472,Germany,Europe
95,12473,Germany,Europe
96,12474,Germany,Europe
97,12475,Germany,Europe
98,12476,Germany,Europe
99,12477,Germany,Europe
100,12478,Greece,Other
101,12479,Germany,Europe
102,12480,Germany,Europe
103,12481,Germany,Europe
104,12483,Sweden,Europe
105,12484,Spain,Europe
106,12488,France,Europe
107,12489,France,Europe
108,12490,France,Europe
109,12491,France,Europe
110,12492,Germany,Europe
111,12493,France,Europe
112,12494,France,Europe
113,12498,Germany,Europe
114,12500,Germany,Europe
115,12501,Germany,Europe
116,12502,Spain,Europe
117,12506,France,Europe
118,12507,Spain,Europe
119,12508,France,Europe
120,12510,Spain,Europe
121,12512,Israel,Asia
122,12513,France,Europe
123,12514,Italy,Europe
124,12515,Italy,Europe
125,12516,Germany,Europe
126,12517,Germany,Europe
127,12518,Germany,Europe
128,12519,Germany,Europe
129,12520,Germany,Europe
130,12521,Germany,Europe
131,12522,Germany,Europe
132,12523,France,Europe
133,12524,Germany,Europe
134,12526,Germany,Europe
135,12527,Germany,Europe
136,12528,Germany,Europe
137,12530,Germany,Europe
138,12531,Germany,Europe
139,12532,France,Europe
140,12534,Germany,Europe
141,12535,France,Europe
142,12536,France,Europe
143,12538,Spain,Europe
144,12539,Spain,Europe
145,12540,Spain,Europe
146,12541,Spain,Europe
147,12544,Spain,Europe
148,12545,Spain,Europe
149,12546,Spain,Europe
150,12547,Spain,Europe
151,12550,Spain,Europe
152,12551,Spain,Europe
153,12553,France,Europe
154,12556,Spain,Europe
155,12557,Spain,Europe
156,12558,USA,North America
157,12559,Germany,Europe
158,12560,Germany,Europe
159,12561,Germany,Europe
160,12562,France,Europe
161,12564,France,Europe
162,12565,Saudi Arabia,Asia
163,12566,Germany,Europe
164,12567,France,Europe
165,12569,Germany,Europe
166,12571,France,Europe
167,12572,Germany,Europe
168,12574,France,Europe
169,12576,Poland,Europe
170,12577,France,Europe
171,12578,Italy,Europe
172,12579,France,Europe
173,12580,Germany,Europe
174,12582,Finland,Europe
175,12583,France,Europe
176,12584,Italy,Europe
177,12585,Germany,Europe
178,12586,Italy,Europe
179,12588,Finland,Europe
180,12589,France,Europe
181,12590,Germany,Europe
182,12591,Italy,Europe
183,12593,France,Europe
184,12594,Italy,Europe
185,12596,Spain,Europe
186,12597,Spain,Europe
187,12598,France,Europe
188,12599,France,Europe
189,12600,Germany,Europe
190,12601,Germany,Europe
191,12602,France,Europe
192,12607,USA,North America
193,12609,Germany,Europe
194,12610,Italy,Europe
195,12611,Italy,Europe
196,12612,Germany,Europe
197,12613,Germany,Europe
198,12614,Germany,Europe
199,12615,France,Europe
200,12616,France,Europe
201,12617,France,Europe
202,12619,Germany,Europe
203,12620,France,Europe
204,12621,Germany,Europe
205,12622,Germany,Europe
206,12624,France,Europe
207,12625,Germany,Europe
208,12626,Germany,Europe
209,12627,Germany,Europe
210,12628,Germany,Europe
211,12630,Finland,Europe
212,12631,Finland,Europe
213,12633,Germany,Europe
214,12635,Germany,Europe
215,12637,France,Europe
216,12638,Sweden,Europe
217,12640,France,Europe
218,12641,Sweden,Europe
219,12642,Germany,Europe
220,12643,France,Europe
221,12644,Germany,Europe
222,12645,Germany,Europe
223,12646,USA,North America
224,12647,Germany,Europe
225,12649,Germany,Europe
226,12650,France,Europe
227,12651,France,Europe
228,12652,France,Europe
229,12653,Israel,Asia
230,12656,France,Europe
231,12657,France,Europe
232,12658,Germany,Europe
233,12660,France,Europe
234,12662,Germany,Europe
235,12664,Finland,Europe
236,12667,Finland,Europe
237,12668,Germany,Europe
238,12669,France,Europe
239,12670,France,Europe
240,12673,Germany,Europe
241,12674,France,Europe
242,12676,Sweden,Europe
243,12678,France,Europe
244,12679,France,Europe
245,12680,France,Europe
246,12681,France,Europe
247,12682,France,Europe
248,12683,France,Europe
249,12684,France,Europe
250,12685,France,Europe
251,12688,Israel,Asia
252,12689,France,Europe
253,12691,France,Europe
254,12693,Germany,Europe
255,12694,France,Europe
256,12695,France,Europe
257,12697,Sweden,Europe
258,12700,France,Europe
259,12701,Germany,Europe
260,12702,Germany,Europe
261,12703,Germany,Europe
262,12704,Finland,Europe
263,12705,Germany,Europe
264,12707,France,Europe
265,12708,Germany,Europe
266,12709,Germany,Europe
267,12710,Germany,Europe
268,12712,Germany,Europe
269,12713,Germany,Europe
270,12714,France,Europe
271,12715,Sweden,Europe
272,12716,France,Europe
273,12717,Greece,Other
274,12718,France,Europe
275,12719,France,Europe
276,12720,Germany,Europe
277,12721,France,Europe
278,12722,France,Europe
279,12723,France,Europe
280,12724,France,Europe
281,12725,Italy,Europe
282,12726,France,Europe
283,12727,France,Europe
284,12728,France,Europe
285,12729,France,Europe
286,12731,France,Europe
287,12732,France,Europe
288,12733,USA,North America
289,12735,France,Europe
290,12738,Germany,Europe
291,12739,United Arab Emirates,Asia
292,12740,France,Europe
293,12743,Unspecified,Other
294,12744,Singapore,Asia
295,12747,United Kingdom,Europe
296,12748,United Kingdom,Europe
297,12749,United Kingdom,Europe
298,12750,Poland,Europe
299,12752,Norway,Europe
300,12753,Japan,Asia
301,12754,Japan,Asia
302,12756,Japan,Asia
303,12757,Portugal,Europe
304,12758,Portugal,Europe
305,12759,Netherlands,Europe
306,12762,Portugal,Europe
307,12763,Japan,Asia
308,12764,Lebanon,Asia
309,12766,Portugal,Europe
310,12769,Brazil,South America
311,12772,Portugal,Europe
312,12775,Netherlands,Europe
313,12778,Netherlands,Europe
314,12779,Poland,Europe
315,12782,Portugal,Europe
316,12783,Portugal,Europe
317,12784,Portugal,Europe
318,12785,Portugal,Europe
319,12787,Netherlands,Europe
320,12789,Netherlands,Europe
321,12790,Netherlands,Europe
322,12792,Portugal,Europe
323,12793,Portugal,Europe
324,12794,Portugal,Europe
325,12795,Portugal,Europe
326,12797,Portugal,Europe
327,12802,Netherlands,Europe
328,12808,Portugal,Europe
329,12809,Portugal,Europe
330,12811,Portugal,Europe
331,12815,Poland,Europe
332,12816,Poland,Europe
333,12817,Austria,Europe
334,12818,Austria,Europe
335,12820,United Kingdom,Europe
336,12822,United Kingdom,Europe
337,12824,United Kingdom,Europe
338,12826,United Kingdom,Europe
339,12827,United Kingdom,Europe
340,12828,United Kingdom,Europe
341,12830,United Kingdom,Europe
342,12831,United Kingdom,Europe
343,12832,United Kingdom,Europe
344,12833,United Kingdom,Europe
345,12834,United Kingdom,Europe
346,12836,United Kingdom,Europe
347,12837,United Kingdom,Europe
348,12838,United Kingdom,Europe
349,12839,United Kingdom,Europe
350,12840,United Kingdom,Europe
351,12841,United Kingdom,Europe
352,12842,United Kingdom,Europe
353,12843,United Kingdom,Europe
354,12844,United Kingdom,Europe
355,12845,United Kingdom,Europe
356,12847,United Kingdom,Europe
357,12849,United Kingdom,Europe
358,12851,United Kingdom,Europe
359,12852,United Kingdom,Europe
360,12853,United Kingdom,Europe
361,12854,United Kingdom,Europe
362,12856,United Kingdom,Europe
363,12857,United Kingdom,Europe
364,12865,Austria,Europe
365,12866,Belgium,Europe
366,12867,United Kingdom,Europe
367,12868,United Kingdom,Europe
368,12871,United Kingdom,Europe
369,12872,United Kingdom,Europe
370,12876,Belgium,Europe
371,12877,United Kingdom,Europe
372,12878,United Kingdom,Europe
373,12879,United Kingdom,Europe
374,12881,United Kingdom,Europe
375,12882,United Kingdom,Europe
376,12883,United Kingdom,Europe
377,12885,United Kingdom,Europe
378,12886,United Kingdom,Europe
379,12890,United Kingdom,Europe
380,12893,United Kingdom,Europe
381,12895,United Kingdom,Europe
382,12897,United Kingdom,Europe
383,12901,United Kingdom,Europe
384,12902,United Kingdom,Europe
385,12904,United Kingdom,Europe
386,12906,United Kingdom,Europe
387,12909,United Kingdom,Europe
388,12910,United Kingdom,Europe
389,12912,United Kingdom,Europe
390,12913,United Kingdom,Europe
391,12915,United Kingdom,Europe
392,12916,United Kingdom,Europe
393,12917,United Kingdom,Europe
394,12919,United Kingdom,Europe
395,12920,United Kingdom,Europe
396,12921,United Kingdom,Europe
397,12922,United Kingdom,Europe
398,12923,United Kingdom,Europe
399,12924,United Kingdom,Europe
400,12925,United Kingdom,Europe
401,12928,United Kingdom,Europe
402,12929,United Kingdom,Europe
403,12930,United Kingdom,Europe
404,12931,United Kingdom,Europe
405,12933,United Kingdom,Europe
406,12935,United Kingdom,Europe
407,12936,United Kingdom,Europe
408,12937,United Kingdom,Europe
409,12938,United Kingdom,Europe
410,12939,United Kingdom,Europe
411,12940,United Kingdom,Europe
412,12942,United Kingdom,Europe
413,12944,United Kingdom,Europe
414,12945,United Kingdom,Europe
415,12947,United Kingdom,Europe
416,12948,United Kingdom,Europe
417,12949,United Kingdom,Europe
418,12950,United Kingdom,Europe
419,12951,United Kingdom,Europe
420,12952,United Kingdom,Europe
421,12953,United Kingdom,Europe
422,12955,United Kingdom,Europe
423,12957,United Kingdom,Europe
424,12963,United Kingdom,Europe
425,12965,United Kingdom,Europe
426,12966,United Kingdom,Europe
427,12967,United Kingdom,Europe
428,12970,United Kingdom,Europe
429,12971,United Kingdom,Europe
430,12974,United Kingdom,Europe
431,12976,United Kingdom,Europe
432,12977,United Kingdom,Europe
433,12980,United Kingdom,Europe
434,12985,United Kingdom,Europe
435,12987,United Kingdom,Europe
436,12988,United Kingdom,Europe
437,12989,United Kingdom,Europe
438,12991,United Kingdom,Europe
439,12993,United Kingdom,Europe
440,12994,United Kingdom,Europe
441,12997,United Kingdom,Europe
442,13000,United Kingdom,Europe
443,13001,United Kingdom,Europe
444,13002,United Kingdom,Europe
445,13003,United Kingdom,Europe
446,13004,United Kingdom,Europe
447,13005,United Kingdom,Europe
448,13008,United Kingdom,Europe
449,13011,United Kingdom,Europe
450,13012,United Kingdom,Europe
451,13013,United Kingdom,Europe
452,13014,United Kingdom,Europe
453,13015,United Kingdom,Europe
454,13016,United Kingdom,Europe
455,13018,United Kingdom,Europe
456,13021,United Kingdom,Europe
457,13023,United Kingdom,Europe
458,13026,United Kingdom,Europe
459,13027,United Kingdom,Europe
460,13028,United Kingdom,Europe
461,13029,United Kingdom,Europe
462,13030,United Kingdom,Europe
463,13032,United Kingdom,Europe
464,13034,United Kingdom,Europe
465,13035,United Kingdom,Europe
466,13037,United Kingdom,Europe
467,13038,United Kingdom,Europe
468,13040,United Kingdom,Europe
469,13043,United Kingdom,Europe
470,13044,United Kingdom,Europe
471,13045,United Kingdom,Europe
472,13046,United Kingdom,Europe
473,13047,United Kingdom,Europe
474,13048,United Kingdom,Europe
475,13050,United Kingdom,Europe
476,13052,United Kingdom,Europe
477,13055,United Kingdom,Europe
478,13058,United Kingdom,Europe
479,13059,United Kingdom,Europe
480,13060,United Kingdom,Europe
481,13061,United Kingdom,Europe
482,13062,United Kingdom,Europe
483,13064,United Kingdom,Europe
484,13065,United Kingdom,Europe
485,13066,United Kingdom,Europe
486,13069,United Kingdom,Europe
487,13075,United Kingdom,Europe
488,13077,United Kingdom,Europe
489,13078,United Kingdom,Europe
490,13079,United Kingdom,Europe
491,13080,United Kingdom,Europe
492,13081,United Kingdom,Europe
493,13082,United Kingdom,Europe
494,13083,United Kingdom,Europe
495,13089,United Kingdom,Europe
496,13090,United Kingdom,Europe
497,13091,United Kingdom,Europe
498,13092,United Kingdom,Europe
499,13093,United Kingdom,Europe
500,13094,United Kingdom,Europe
501,13097,United Kingdom,Europe
502,13098,United Kingdom,Europe
503,13101,United Kingdom,Europe
504,13102,United Kingdom,Europe
505,13103,United Kingdom,Europe
506,13104,United Kingdom,Europe
507,13107,United Kingdom,Europe
508,13109,United Kingdom,Europe
509,13110,United Kingdom,Europe
510,13113,United Kingdom,Europe
511,13115,United Kingdom,Europe
512,13116,United Kingdom,Europe
513,13117,United Kingdom,Europe
514,13118,United Kingdom,Europe
515,13121,United Kingdom,Europe
516,13122,United Kingdom,Europe
517,13124,United Kingdom,Europe
518,13126,United Kingdom,Europe
519,13127,United Kingdom,Europe
520,13131,United Kingdom,Europe
521,13134,United Kingdom,Europe
522,13136,United Kingdom,Europe
523,13137,United Kingdom,Europe
524,13138,United Kingdom,Europe
525,13139,United Kingdom,Europe
526,13140,United Kingdom,Europe
527,13141,United Kingdom,Europe
528,13145,United Kingdom,Europe
529,13146,United Kingdom,Europe
530,13147,United Kingdom,Europe
531,13148,United Kingdom,Europe
532,13149,United Kingdom,Europe
533,13151,United Kingdom,Europe
534,13153,United Kingdom,Europe
535,13155,United Kingdom,Europe
536,13157,United Kingdom,Europe
537,13158,United Kingdom,Europe
538,13159,United Kingdom,Europe
539,13162,United Kingdom,Europe
540,13165,United Kingdom,Europe
541,13166,United Kingdom,Europe
542,13167,United Kingdom,Europe
543,13168,United Kingdom,Europe
544,13169,United Kingdom,Europe
545,13170,United Kingdom,Europe
546,13171,United Kingdom,Europe
547,13173,United Kingdom,Europe
548,13174,United Kingdom,Europe
549,13176,United Kingdom,Europe
550,13177,United Kingdom,Europe
551,13178,United Kingdom,Europe
552,13182,United Kingdom,Europe
553,13183,United Kingdom,Europe
554,13184,United Kingdom,Europe
555,13186,United Kingdom,Europe
556,13187,United Kingdom,Europe
557,13188,United Kingdom,Europe
558,13189,United Kingdom,Europe
559,13192,United Kingdom,Europe
560,13193,United Kingdom,Europe
561,13196,United Kingdom,Europe
562,13198,United Kingdom,Europe
563,13199,United Kingdom,Europe
564,13200,United Kingdom,Europe
565,13203,United Kingdom,Europe
566,13208,United Kingdom,Europe
567,13209,United Kingdom,Europe
568,13210,United Kingdom,Europe
569,13211,United Kingdom,Europe
570,13212,United Kingdom,Europe
571,13213,United Kingdom,Europe
572,13217,United Kingdom,Europe
573,13220,United Kingdom,Europe
574,13221,United Kingdom,Europe
575,13224,United Kingdom,Europe
576,13225,United Kingdom,Europe
577,13226,United Kingdom,Europe
578,13227,United Kingdom,Europe
579,13229,United Kingdom,Europe
580,13230,United Kingdom,Europe
581,13232,United Kingdom,Europe
582,13233,United Kingdom,Europe
583,13235,United Kingdom,Europe
584,13236,United Kingdom,Europe
585,13238,United Kingdom,Europe
586,13239,United Kingdom,Europe
587,13240,United Kingdom,Europe
588,13243,United Kingdom,Europe
589,13244,United Kingdom,Europe
590,13246,United Kingdom,Europe
591,13247,United Kingdom,Europe
592,13248,United Kingdom,Europe
593,13249,United Kingdom,Europe
594,13253,United Kingdom,Europe
595,13255,United Kingdom,Europe
596,13258,United Kingdom,Europe
597,13259,United Kingdom,Europe
598,13261,United Kingdom,Europe
599,13262,United Kingdom,Europe
600,13263,United Kingdom,Europe
601,13265,United Kingdom,Europe
602,13266,United Kingdom,Europe
603,13267,United Kingdom,Europe
604,13268,United Kingdom,Europe
605,13269,United Kingdom,Europe
606,13271,United Kingdom,Europe
607,13272,United Kingdom,Europe
608,13276,United Kingdom,Europe
609,13278,United Kingdom,Europe
610,13279,United Kingdom,Europe
611,13280,United Kingdom,Europe
612,13282,United Kingdom,Europe
613,13283,United Kingdom,Europe
614,13284,United Kingdom,Europe
615,13285,United Kingdom,Europe
616,13291,United Kingdom,Europe
617,13292,United Kingdom,Europe
618,13294,United Kingdom,Europe
619,13297,United Kingdom,Europe
620,13299,United Kingdom,Europe
621,13301,United Kingdom,Europe
622,13305,United Kingdom,Europe
623,13307,United Kingdom,Europe
624,13308,United Kingdom,Europe
625,13309,United Kingdom,Europe
626,13310,United Kingdom,Europe
627,13311,United Kingdom,Europe
628,13313,United Kingdom,Europe
629,13314,United Kingdom,Europe
630,13316,United Kingdom,Europe
631,13317,United Kingdom,Europe
632,13318,United Kingdom,Europe
633,13319,United Kingdom,Europe
634,13320,United Kingdom,Europe
635,13321,United Kingdom,Europe
636,13322,United Kingdom,Europe
637,13323,United Kingdom,Europe
638,13324,United Kingdom,Europe
639,13325,United Kingdom,Europe
640,13327,United Kingdom,Europe
641,13328,United Kingdom,Europe
642,13329,United Kingdom,Europe
643,13330,United Kingdom,Europe
644,13332,United Kingdom,Europe
645,13334,United Kingdom,Europe
646,13336,United Kingdom,Europe
647,13338,United Kingdom,Europe
648,13339,United Kingdom,Europe
649,13340,United Kingdom,Europe
650,13341,United Kingdom,Europe
651,13344,United Kingdom,Europe
652,13345,United Kingdom,Europe
653,13347,United Kingdom,Europe
654,13348,United Kingdom,Europe
655,13349,United Kingdom,Europe
656,13350,United Kingdom,Europe
657,13351,United Kingdom,Europe
658,13352,United Kingdom,Europe
659,13354,United Kingdom,Europe
660,13355,United Kingdom,Europe
661,13356,United Kingdom,Europe
662,13357,United Kingdom,Europe
663,13358,United Kingdom,Europe
664,13359,United Kingdom,Europe
665,13362,United Kingdom,Europe
666,13363,United Kingdom,Europe
667,13365,United Kingdom,Europe
668,13368,United Kingdom,Europe
669,13369,United Kingdom,Europe
670,13370,United Kingdom,Europe
671,13372,United Kingdom,Europe
672,13373,United Kingdom,Europe
673,13375,United Kingdom,Europe
674,13376,United Kingdom,Europe
675,13379,United Kingdom,Europe
676,13381,United Kingdom,Europe
677,13384,United Kingdom,Europe
678,13385,United Kingdom,Europe
679,13388,United Kingdom,Europe
680,13389,United Kingdom,Europe
681,13390,United Kingdom,Europe
682,13394,United Kingdom,Europe
683,13395,United Kingdom,Europe
684,13396,United Kingdom,Europe
685,13397,United Kingdom,Europe
686,13398,United Kingdom,Europe
687,13402,United Kingdom,Europe
688,13405,United Kingdom,Europe
689,13408,United Kingdom,Europe
690,13410,United Kingdom,Europe
691,13411,United Kingdom,Europe
692,13414,United Kingdom,Europe
693,13417,United Kingdom,Europe
694,13418,United Kingdom,Europe
695,13419,United Kingdom,Europe
696,13420,United Kingdom,Europe
697,13421,United Kingdom,Europe
698,13422,United Kingdom,Europe
699,13425,United Kingdom,Europe
700,13426,United Kingdom,Europe
701,13427,United Kingdom,Europe
702,13428,United Kingdom,Europe
703,13429,United Kingdom,Europe
704,13430,United Kingdom,Europe
705,13431,United Kingdom,Europe
706,13435,United Kingdom,Europe
707,13436,United Kingdom,Europe
708,13437,United Kingdom,Europe
709,13439,United Kingdom,Europe
710,13447,United Kingdom,Europe
711,13448,United Kingdom,Europe
712,13449,United Kingdom,Europe
713,13450,United Kingdom,Europe
714,13451,United Kingdom,Europe
715,13452,United Kingdom,Europe
716,13453,United Kingdom,Europe
717,13455,United Kingdom,Europe
718,13456,United Kingdom,Europe
719,13458,United Kingdom,Europe
720,13460,United Kingdom,Europe
721,13461,United Kingdom,Europe
722,13462,United Kingdom,Europe
723,13464,United Kingdom,Europe
724,13467,United Kingdom,Europe
725,13468,United Kingdom,Europe
726,13471,United Kingdom,Europe
727,13473,United Kingdom,Europe
728,13474,United Kingdom,Europe
729,13475,United Kingdom,Europe
730,13476,United Kingdom,Europe
731,13477,United Kingdom,Europe
732,13479,United Kingdom,Europe
733,13481,United Kingdom,Europe
734,13482,United Kingdom,Europe
735,13483,United Kingdom,Europe
736,13484,United Kingdom,Europe
737,13485,United Kingdom,Europe
738,13486,United Kingdom,Europe
739,13487,United Kingdom,Europe
740,13488,United Kingdom,Europe
741,13489,United Kingdom,Europe
742,13491,United Kingdom,Europe
743,13492,Switzerland,Europe
744,13494,United Kingdom,Europe
745,13495,United Kingdom,Europe
746,13496,United Kingdom,Europe
747,13497,United Kingdom,Europe
748,13499,United Kingdom,Europe
749,13500,United Kingdom,Europe
750,13501,Switzerland,Europe
751,13502,United Kingdom,Europe
752,13503,United Kingdom,Europe
753,13504,United Kingdom,Europe
754,13505,Switzerland,Europe
755,13506,United Kingdom,Europe
756,13507,United Kingdom,Europe
757,13509,United Kingdom,Europe
758,13510,United Kingdom,Europe
759,13512,United Kingdom,Europe
760,13513,United Kingdom,Europe
761,13515,United Kingdom,Europe
762,13517,United Kingdom,Europe
763,13518,United Kingdom,Europe
764,13519,United Kingdom,Europe
765,13520,Switzerland,Europe
766,13521,United Kingdom,Europe
767,13523,United Kingdom,Europe
768,13524,United Kingdom,Europe
769,13525,United Kingdom,Europe
770,13527,United Kingdom,Europe
771,13529,United Kingdom,Europe
772,13531,United Kingdom,Europe
773,13532,United Kingdom,Europe
774,13533,United Kingdom,Europe
775,13534,United Kingdom,Europe
776,13536,United Kingdom,Europe
777,13539,United Kingdom,Europe
778,13544,United Kingdom,Europe
779,13546,United Kingdom,Europe
780,13548,United Kingdom,Europe
781,13549,United Kingdom,Europe
782,13552,United Kingdom,Europe
783,13555,United Kingdom,Europe
784,13557,United Kingdom,Europe
785,13558,United Kingdom,Europe
786,13560,United Kingdom,Europe
787,13561,United Kingdom,Europe
788,13562,United Kingdom,Europe
789,13563,United Kingdom,Europe
790,13564,United Kingdom,Europe
791,13565,United Kingdom,Europe
792,13566,United Kingdom,Europe
793,13568,United Kingdom,Europe
794,13569,United Kingdom,Europe
795,13570,United Kingdom,Europe
796,13571,United Kingdom,Europe
797,13572,United Kingdom,Europe
798,13573,United Kingdom,Europe
799,13575,United Kingdom,Europe
800,13576,United Kingdom,Europe
801,13577,United Kingdom,Europe
802,13579,United Kingdom,Europe
803,13583,United Kingdom,Europe
804,13584,United Kingdom,Europe
805,13587,United Kingdom,Europe
806,13588,United Kingdom,Europe
807,13589,United Kingdom,Europe
808,13590,United Kingdom,Europe
809,13591,United Kingdom,Europe
810,13593,United Kingdom,Europe
811,13594,United Kingdom,Europe
812,13596,United Kingdom,Europe
813,13598,United Kingdom,Europe
814,13599,United Kingdom,Europe
815,13600,United Kingdom,Europe
816,13601,United Kingdom,Europe
817,13602,United Kingdom,Europe
818,13603,United Kingdom,Europe
819,13606,United Kingdom,Europe
820,13607,United Kingdom,Europe
821,13610,United Kingdom,Europe
822,13611,United Kingdom,Europe
823,13614,United Kingdom,Europe
824,13615,United Kingdom,Europe
825,13617,United Kingdom,Europe
826,13618,United Kingdom,Europe
827,13621,United Kingdom,Europe
828,13623,United Kingdom,Europe
829,13626,United Kingdom,Europe
830,13627,United Kingdom,Europe
831,13629,United Kingdom,Europe
832,13630,United Kingdom,Europe
833,13631,United Kingdom,Europe
834,13632,United Kingdom,Europe
835,13634,United Kingdom,Europe
836,13635,United Kingdom,Europe
837,13636,United Kingdom,Europe
838,13637,United Kingdom,Europe
839,13639,United Kingdom,Europe
840,13642,United Kingdom,Europe
841,13643,United Kingdom,Europe
842,13644,United Kingdom,Europe
843,13647,United Kingdom,Europe
844,13649,United Kingdom,Europe
845,13650,United Kingdom,Europe
846,13652,United Kingdom,Europe
847,13654,United Kingdom,Europe
848,13655,United Kingdom,Europe
849,13656,United Kingdom,Europe
850,13658,United Kingdom,Europe
851,13659,United Kingdom,Europe
852,13662,United Kingdom,Europe
853,13666,United Kingdom,Europe
854,13667,United Kingdom,Europe
855,13668,United Kingdom,Europe
856,13669,United Kingdom,Europe
857,13670,United Kingdom,Europe
858,13673,United Kingdom,Europe
859,13680,United Kingdom,Europe
860,13681,United Kingdom,Europe
861,13684,United Kingdom,Europe
862,13685,United Kingdom,Europe
863,13686,United Kingdom,Europe
864,13692,United Kingdom,Europe
865,13694,United Kingdom,Europe
866,13695,United Kingdom,Europe
867,13697,United Kingdom,Europe
868,13699,United Kingdom,Europe
869,13700,United Kingdom,Europe
870,13703,United Kingdom,Europe
871,13704,United Kingdom,Europe
872,13705,United Kingdom,Europe
873,13707,United Kingdom,Europe
874,13708,United Kingdom,Europe
875,13709,United Kingdom,Europe
876,13710,United Kingdom,Europe
877,13712,United Kingdom,Europe
878,13715,United Kingdom,Europe
879,13716,United Kingdom,Europe
880,13717,United Kingdom,Europe
881,13718,United Kingdom,Europe
882,13719,United Kingdom,Europe
883,13720,United Kingdom,Europe
884,13721,United Kingdom,Europe
885,13722,United Kingdom,Europe
886,13723,United Kingdom,Europe
887,13725,United Kingdom,Europe
888,13726,United Kingdom,Europe
889,13727,United Kingdom,Europe
890,13728,United Kingdom,Europe
891,13730,United Kingdom,Europe
892,13731,United Kingdom,Europe
893,13735,United Kingdom,Europe
894,13736,United Kingdom,Europe
895,13737,United Kingdom,Europe
896,13740,United Kingdom,Europe
897,13741,United Kingdom,Europe
898,13742,United Kingdom,Europe
899,13743,United Kingdom,Europe
900,13744,United Kingdom,Europe
901,13745,United Kingdom,Europe
902,13748,United Kingdom,Europe
903,13750,United Kingdom,Europe
904,13752,United Kingdom,Europe
905,13753,United Kingdom,Europe
906,13754,United Kingdom,Europe
907,13755,United Kingdom,Europe
908,13756,United Kingdom,Europe
909,13758,United Kingdom,Europe
910,13759,United Kingdom,Europe
911,13760,United Kingdom,Europe
912,13761,United Kingdom,Europe
913,13762,United Kingdom,Europe
914,13763,United Kingdom,Europe
915,13764,United Kingdom,Europe
916,13767,United Kingdom,Europe
917,13769,United Kingdom,Europe
918,13771,United Kingdom,Europe
919,13772,United Kingdom,Europe
920,13774,United Kingdom,Europe
921,13777,United Kingdom,Europe
922,13778,United Kingdom,Europe
923,13780,United Kingdom,Europe
924,13781,United Kingdom,Europe
925,13782,United Kingdom,Europe
926,13784,United Kingdom,Europe
927,13787,United Kingdom,Europe
928,13790,United Kingdom,Europe
929,13791,United Kingdom,Europe
930,13792,United Kingdom,Europe
931,13798,United Kingdom,Europe
932,13799,United Kingdom,Europe
933,13800,United Kingdom,Europe
934,13801,United Kingdom,Europe
935,13802,United Kingdom,Europe
936,13803,United Kingdom,Europe
937,13804,United Kingdom,Europe
938,13805,United Kingdom,Europe
939,13806,United Kingdom,Europe
940,13808,United Kingdom,Europe
941,13809,Cyprus,Other
942,13810,Germany,Europe
943,13812,Germany,Europe
944,13813,Germany,Europe
945,13814,Germany,Europe
946,13815,Germany,Europe
947,13816,Germany,Europe
948,13817,Germany,Europe
949,13819,United Kingdom,Europe
950,13821,United Kingdom,Europe
951,13822,United Kingdom,Europe
952,13823,United Kingdom,Europe
953,13824,United Kingdom,Europe
954,13827,United Kingdom,Europe
955,13828,United Kingdom,Europe
956,13831,United Kingdom,Europe
957,13833,United Kingdom,Europe
958,13835,United Kingdom,Europe
959,13837,United Kingdom,Europe
960,13838,United Kingdom,Europe
961,13842,United Kingdom,Europe
962,13846,United Kingdom,Europe
963,13849,United Kingdom,Europe
964,13850,United Kingdom,Europe
965,13851,United Kingdom,Europe
966,13853,United Kingdom,Europe
967,13854,United Kingdom,Europe
968,13856,United Kingdom,Europe
969,13858,United Kingdom,Europe
970,13859,United Kingdom,Europe
971,13860,United Kingdom,Europe
972,13862,United Kingdom,Europe
973,13863,United Kingdom,Europe
974,13865,United Kingdom,Europe
975,13866,United Kingdom,Europe
976,13867,United Kingdom,Europe
977,13868,United Kingdom,Europe
978,13869,United Kingdom,Europe
979,13870,United Kingdom,Europe
980,13871,United Kingdom,Europe
981,13873,United Kingdom,Europe
982,13874,United Kingdom,Europe
983,13875,United Kingdom,Europe
984,13877,United Kingdom,Europe
985,13878,United Kingdom,Europe
986,13880,United Kingdom,Europe
987,13881,United Kingdom,Europe
988,13882,United Kingdom,Europe
989,13883,United Kingdom,Europe
990,13884,United Kingdom,Europe
991,13886,United Kingdom,Europe
992,13887,United Kingdom,Europe
993,13888,United Kingdom,Europe
994,13889,United Kingdom,Europe
995,13890,United Kingdom,Europe
996,13892,United Kingdom,Europe
997,13893,United Kingdom,Europe
998,13894,United Kingdom,Europe
999,13895,United Kingdom,Europe
1000,13898,United Kingdom,Europe
1001,13899,United Kingdom,Europe
1002,13900,United Kingdom,Europe
1003,13901,United Kingdom,Europe
1004,13904,United Kingdom,Europe
1005,13908,United Kingdom,Europe
1006,13911,United Kingdom,Europe
1007,13914,United Kingdom,Europe
1008,13917,United Kingdom,Europe
1009,13918,United Kingdom,Europe
1010,13919,Denmark,Europe
1011,13922,United Kingdom,Europe
1012,13923,United Kingdom,Europe
1013,13924,United Kingdom,Europe
1014,13925,United Kingdom,Europe
1015,13926,United Kingdom,Europe
1016,13927,United Kingdom,Europe
1017,13928,United Kingdom,Europe
1018,13929,United Kingdom,Europe
1019,13930,United Kingdom,Europe
1020,13931,United Kingdom,Europe
1021,13932,United Kingdom,Europe
1022,13933,United Kingdom,Europe
1023,13934,United Kingdom,Europe
1024,13936,United Kingdom,Europe
1025,13939,United Kingdom,Europe
1026,13940,United Kingdom,Europe
1027,13947,United Kingdom,Europe
1028,13949,United Kingdom,Europe
1029,13950,United Kingdom,Europe
1030,13951,United Kingdom,Europe
1031,13952,United Kingdom,Europe
1032,13953,United Kingdom,Europe
1033,13954,United Kingdom,Europe
1034,13955,United Kingdom,Europe
1035,13956,United Kingdom,Europe
1036,13959,United Kingdom,Europe
1037,13960,United Kingdom,Europe
1038,13962,United Kingdom,Europe
1039,13963,United Kingdom,Europe
1040,13967,United Kingdom,Europe
1041,13969,United Kingdom,Europe
1042,13971,United Kingdom,Europe
1043,13972,United Kingdom,Europe
1044,13973,United Kingdom,Europe
1045,13974,United Kingdom,Europe
1046,13975,United Kingdom,Europe
1047,13976,United Kingdom,Europe
1048,13978,United Kingdom,Europe
1049,13979,United Kingdom,Europe
1050,13980,United Kingdom,Europe
1051,13982,United Kingdom,Europe
1052,13983,United Kingdom,Europe
1053,13985,United Kingdom,Europe
1054,13986,United Kingdom,Europe
1055,13988,United Kingdom,Europe
1056,13989,United Kingdom,Europe
1057,13990,United Kingdom,Europe
1058,13991,United Kingdom,Europe
1059,13993,United Kingdom,Europe
1060,13994,United Kingdom,Europe
1061,13995,United Kingdom,Europe
1062,13999,United Kingdom,Europe
1063,14001,United Kingdom,Europe
1064,14002,United Kingdom,Europe
1065,14004,United Kingdom,Europe
1066,14005,United Kingdom,Europe
1067,14006,United Kingdom,Europe
1068,14009,United Kingdom,Europe
1069,14012,United Kingdom,Europe
1070,14013,United Kingdom,Europe
1071,14014,United Kingdom,Europe
1072,14015,United Kingdom,Europe
1073,14016,Ireland,Europe
1074,14019,United Kingdom,Europe
1075,14020,United Kingdom,Europe
1076,14021,United Kingdom,Europe
1077,14022,United Kingdom,Europe
1078,14023,United Kingdom,Europe
1079,14024,United Kingdom,Europe
1080,14027,United Kingdom,Europe
1081,14030,United Kingdom,Europe
1082,14031,United Kingdom,Europe
1083,14032,United Kingdom,Europe
1084,14034,United Kingdom,Europe
1085,14035,United Kingdom,Europe
1086,14036,United Kingdom,Europe
1087,14037,United Kingdom,Europe
1088,14038,United Kingdom,Europe
1089,14039,United Kingdom,Europe
1090,14040,United Kingdom,Europe
1091,14041,United Kingdom,Europe
1092,14044,United Kingdom,Europe
1093,14045,United Kingdom,Europe
1094,14046,United Kingdom,Europe
1095,14048,United Kingdom,Europe
1096,14049,United Kingdom,Europe
1097,14050,United Kingdom,Europe
1098,14051,United Kingdom,Europe
1099,14052,United Kingdom,Europe
1100,14053,United Kingdom,Europe
1101,14056,United Kingdom,Europe
1102,14057,United Kingdom,Europe
1103,14059,United Kingdom,Europe
1104,14060,United Kingdom,Europe
1105,14062,United Kingdom,Europe
1106,14064,United Kingdom,Europe
1107,14066,United Kingdom,Europe
1108,14067,United Kingdom,Europe
1109,14068,United Kingdom,Europe
1110,14071,United Kingdom,Europe
1111,14075,United Kingdom,Europe
1112,14076,United Kingdom,Europe
1113,14077,United Kingdom,Europe
1114,14078,United Kingdom,Europe
1115,14079,United Kingdom,Europe
1116,14081,United Kingdom,Europe
1117,14082,United Kingdom,Europe
1118,14083,United Kingdom,Europe
1119,14085,United Kingdom,Europe
1120,14087,United Kingdom,Europe
1121,14088,United Kingdom,Europe
1122,14089,United Kingdom,Europe
1123,14090,United Kingdom,Europe
1124,14092,United Kingdom,Europe
1125,14093,United Kingdom,Europe
1126,14096,United Kingdom,Europe
1127,14098,United Kingdom,Europe
1128,14099,United Kingdom,Europe
1129,14100,United Kingdom,Europe
1130,14101,United Kingdom,Europe
1131,14102,United Kingdom,Europe
1132,14104,United Kingdom,Europe
1133,14105,United Kingdom,Europe
1134,14107,United Kingdom,Europe
1135,14108,United Kingdom,Europe
1136,14109,United Kingdom,Europe
1137,14110,United Kingdom,Europe
1138,14111,United Kingdom,Europe
1139,14112,United Kingdom,Europe
1140,14113,United Kingdom,Europe
1141,14114,United Kingdom,Europe
1142,14116,United Kingdom,Europe
1143,14117,United Kingdom,Europe
1144,14121,United Kingdom,Europe
1145,14125,United Kingdom,Europe
1146,14126,United Kingdom,Europe
1147,14127,United Kingdom,Europe
1148,14128,United Kingdom,Europe
1149,14129,United Kingdom,Europe
1150,14130,United Kingdom,Europe
1151,14132,United Kingdom,Europe
1152,14133,United Kingdom,Europe
1153,14135,United Kingdom,Europe
1154,14138,United Kingdom,Europe
1155,14139,United Kingdom,Europe
1156,14140,United Kingdom,Europe
1157,14141,United Kingdom,Europe
1158,14142,United Kingdom,Europe
1159,14143,United Kingdom,Europe
1160,14146,United Kingdom,Europe
1161,14150,United Kingdom,Europe
1162,14152,United Kingdom,Europe
1163,14154,United Kingdom,Europe
1164,14156,Ireland,Europe
1165,14157,United Kingdom,Europe
1166,14158,United Kingdom,Europe
1167,14159,United Kingdom,Europe
1168,14161,United Kingdom,Europe
1169,14162,United Kingdom,Europe
1170,14163,United Kingdom,Europe
1171,14164,United Kingdom,Europe
1172,14165,United Kingdom,Europe
1173,14167,United Kingdom,Europe
1174,14171,United Kingdom,Europe
1175,14173,United Kingdom,Europe
1176,14174,United Kingdom,Europe
1177,14175,United Kingdom,Europe
1178,14176,United Kingdom,Europe
1179,14177,United Kingdom,Europe
1180,14178,United Kingdom,Europe
1181,14179,United Kingdom,Europe
1182,14180,United Kingdom,Europe
1183,14184,United Kingdom,Europe
1184,14188,United Kingdom,Europe
1185,14189,United Kingdom,Europe
1186,14191,United Kingdom,Europe
1187,14193,United Kingdom,Europe
1188,14194,United Kingdom,Europe
1189,14198,United Kingdom,Europe
1190,14199,United Kingdom,Europe
1191,14201,United Kingdom,Europe
1192,14204,United Kingdom,Europe
1193,14206,United Kingdom,Europe
1194,14208,United Kingdom,Europe
1195,14209,United Kingdom,Europe
1196,14210,United Kingdom,Europe
1197,14211,United Kingdom,Europe
1198,14212,United Kingdom,Europe
1199,14214,United Kingdom,Europe
1200,14215,United Kingdom,Europe
1201,14216,United Kingdom,Europe
1202,14217,United Kingdom,Europe
1203,14219,United Kingdom,Europe
1204,14220,United Kingdom,Europe
1205,14221,United Kingdom,Europe
1206,14222,United Kingdom,Europe
1207,14223,United Kingdom,Europe
1208,14224,United Kingdom,Europe
1209,14226,United Kingdom,Europe
1210,14227,United Kingdom,Europe
1211,14229,United Kingdom,Europe
1212,14231,United Kingdom,Europe
1213,14232,United Kingdom,Europe
1214,14233,United Kingdom,Europe
1215,14234,United Kingdom,Europe
1216,14235,United Kingdom,Europe
1217,14236,United Kingdom,Europe
1218,14237,United Kingdom,Europe
1219,14238,United Kingdom,Europe
1220,14239,United Kingdom,Europe
1221,14240,United Kingdom,Europe
1222,14241,United Kingdom,Europe
1223,14242,United Kingdom,Europe
1224,14243,United Kingdom,Europe
1225,14245,United Kingdom,Europe
1226,14246,United Kingdom,Europe
1227,14247,United Kingdom,Europe
1228,14248,United Kingdom,Europe
1229,14250,United Kingdom,Europe
1230,14251,United Kingdom,Europe
1231,14256,United Kingdom,Europe
1232,14257,United Kingdom,Europe
1233,14258,United Kingdom,Europe
1234,14261,United Kingdom,Europe
1235,14262,United Kingdom,Europe
1236,14264,United Kingdom,Europe
1237,14265,Unspecified,Other
1238,14267,United Kingdom,Europe
1239,14270,United Kingdom,Europe
1240,14272,United Kingdom,Europe
1241,14273,United Kingdom,Europe
1242,14276,United Kingdom,Europe
1243,14277,France,Europe
1244,14280,United Kingdom,Europe
1245,14282,United Kingdom,Europe
1246,14284,United Kingdom,Europe
1247,14285,United Kingdom,Europe
1248,14286,United Kingdom,Europe
1249,14288,United Kingdom,Europe
1250,14289,United Kingdom,Europe
1251,14290,United Kingdom,Europe
1252,14291,United Kingdom,Europe
1253,14292,United Kingdom,Europe
1254,14293,United Kingdom,Europe
1255,14297,United Kingdom,Europe
1256,14298,United Kingdom,Europe
1257,14299,United Kingdom,Europe
1258,14300,United Kingdom,Europe
1259,14301,United Kingdom,Europe
1260,14304,United Kingdom,Europe
1261,14305,United Kingdom,Europe
1262,14306,United Kingdom,Europe
1263,14307,United Kingdom,Europe
1264,14309,United Kingdom,Europe
1265,14311,United Kingdom,Europe
1266,14312,United Kingdom,Europe
1267,14314,United Kingdom,Europe
1268,14315,United Kingdom,Europe
1269,14317,United Kingdom,Europe
1270,14320,United Kingdom,Europe
1271,14321,United Kingdom,Europe
1272,14323,United Kingdom,Europe
1273,14327,United Kingdom,Europe
1274,14329,United Kingdom,Europe
1275,14331,United Kingdom,Europe
1276,14332,United Kingdom,Europe
1277,14334,United Kingdom,Europe
1278,14335,Germany,Europe
1279,14336,United Kingdom,Europe
1280,14338,United Kingdom,Europe
1281,14341,United Kingdom,Europe
1282,14342,United Kingdom,Europe
1283,14344,United Kingdom,Europe
1284,14345,United Kingdom,Europe
1285,14346,United Kingdom,Europe
1286,14349,United Kingdom,Europe
1287,14350,United Kingdom,Europe
1288,14352,United Kingdom,Europe
1289,14354,United Kingdom,Europe
1290,14355,United Kingdom,Europe
1291,14357,United Kingdom,Europe
1292,14359,United Kingdom,Europe
1293,14360,United Kingdom,Europe
1294,14362,United Kingdom,Europe
1295,14364,United Kingdom,Europe
1296,14367,United Kingdom,Europe
1297,14371,United Kingdom,Europe
1298,14375,United Kingdom,Europe
1299,14377,United Kingdom,Europe
1300,14379,United Kingdom,Europe
1301,14381,United Kingdom,Europe
1302,14382,United Kingdom,Europe
1303,14383,United Kingdom,Europe
1304,14385,United Kingdom,Europe
1305,14387,United Kingdom,Europe
1306,14388,United Kingdom,Europe
1307,14389,United Kingdom,Europe
1308,14390,United Kingdom,Europe
1309,14393,United Kingdom,Europe
1310,14395,United Kingdom,Europe
1311,14396,United Kingdom,Europe
1312,14397,United Kingdom,Europe
1313,14400,United Kingdom,Europe
1314,14401,United Kingdom,Europe
1315,14403,United Kingdom,Europe
1316,14404,United Kingdom,Europe
1317,14407,United Kingdom,Europe
1318,14408,United Kingdom,Europe
1319,14409,United Kingdom,Europe
1320,14410,United Kingdom,Europe
1321,14411,United Kingdom,Europe
1322,14412,United Kingdom,Europe
1323,14413,United Kingdom,Europe
1324,14414,United Kingdom,Europe
1325,14415,United Kingdom,Europe
1326,14418,United Kingdom,Europe
1327,14419,United Kingdom,Europe
1328,14420,United Kingdom,Europe
1329,14421,United Kingdom,Europe
1330,14422,United Kingdom,Europe
1331,14426,United Kingdom,Europe
1332,14427,United Kingdom,Europe
1333,14428,United Kingdom,Europe
1334,14431,United Kingdom,Europe
1335,14432,United Kingdom,Europe
1336,14434,United Kingdom,Europe
1337,14438,United Kingdom,Europe
1338,14439,Greece,Other
1339,14440,United Kingdom,Europe
1340,14441,United Kingdom,Europe
1341,14442,Channel Islands,Europe
1342,14443,United Kingdom,Europe
1343,14446,United Kingdom,Europe
1344,14447,United Kingdom,Europe
1345,14449,United Kingdom,Europe
1346,14450,United Kingdom,Europe
1347,14451,United Kingdom,Europe
1348,14452,United Kingdom,Europe
1349,14453,United Kingdom,Europe
1350,14456,United Kingdom,Europe
1351,14459,United Kingdom,Europe
1352,14460,United Kingdom,Europe
1353,14461,United Kingdom,Europe
1354,14462,United Kingdom,Europe
1355,14465,United Kingdom,Europe
1356,14466,United Kingdom,Europe
1357,14467,United Kingdom,Europe
1358,14470,United Kingdom,Europe
1359,14472,United Kingdom,Europe
1360,14473,United Kingdom,Europe
1361,14474,United Kingdom,Europe
1362,14475,United Kingdom,Europe
1363,14476,United Kingdom,Europe
1364,14477,United Kingdom,Europe
1365,14479,United Kingdom,Europe
1366,14480,United Kingdom,Europe
1367,14481,United Kingdom,Europe
1368,14482,United Kingdom,Europe
1369,14484,United Kingdom,Europe
1370,14485,United Kingdom,Europe
1371,14487,United Kingdom,Europe
1372,14488,United Kingdom,Europe
1373,14489,United Kingdom,Europe
1374,14491,United Kingdom,Europe
1375,14493,United Kingdom,Europe
1376,14496,United Kingdom,Europe
1377,14497,United Kingdom,Europe
1378,14498,United Kingdom,Europe
1379,14499,United Kingdom,Europe
1380,14500,United Kingdom,Europe
1381,14501,United Kingdom,Europe
1382,14502,United Kingdom,Europe
1383,14503,United Kingdom,Europe
1384,14504,United Kingdom,Europe
1385,14505,United Kingdom,Europe
1386,14506,United Kingdom,Europe
1387,14507,United Kingdom,Europe
1388,14508,United Kingdom,Europe
1389,14511,United Kingdom,Europe
1390,14512,United Kingdom,Europe
1391,14513,United Kingdom,Europe
1392,14514,United Kingdom,Europe
1393,14515,United Kingdom,Europe
1394,14517,United Kingdom,Europe
1395,14518,United Kingdom,Europe
1396,14520,United Kingdom,Europe
1397,14522,United Kingdom,Europe
1398,14524,United Kingdom,Europe
1399,14525,United Kingdom,Europe
1400,14527,United Kingdom,Europe
1401,14528,United Kingdom,Europe
1402,14529,United Kingdom,Europe
1403,14530,United Kingdom,Europe
1404,14532,United Kingdom,Europe
1405,14533,United Kingdom,Europe
1406,14534,United Kingdom,Europe
1407,14535,United Kingdom,Europe
1408,14536,United Kingdom,Europe
1409,14537,United Kingdom,Europe
1410,14538,United Kingdom,Europe
1411,14539,United Kingdom,Europe
1412,14540,United Kingdom,Europe
1413,14541,United Kingdom,Europe
1414,14543,United Kingdom,Europe
1415,14544,United Kingdom,Europe
1416,14546,United Kingdom,Europe
1417,14547,United Kingdom,Europe
1418,14549,United Kingdom,Europe
1419,14550,United Kingdom,Europe
1420,14551,United Kingdom,Europe
1421,14552,United Kingdom,Europe
1422,14553,United Kingdom,Europe
1423,14554,United Kingdom,Europe
1424,14555,United Kingdom,Europe
1425,14557,United Kingdom,Europe
1426,14560,United Kingdom,Europe
1427,14561,United Kingdom,Europe
1428,14562,United Kingdom,Europe
1429,14565,United Kingdom,Europe
1430,14567,United Kingdom,Europe
1431,14570,United Kingdom,Europe
1432,14572,United Kingdom,Europe
1433,14573,United Kingdom,Europe
1434,14577,United Kingdom,Europe
1435,14578,United Kingdom,Europe
1436,14582,United Kingdom,Europe
1437,14583,United Kingdom,Europe
1438,14584,United Kingdom,Europe
1439,14585,United Kingdom,Europe
1440,14586,United Kingdom,Europe
1441,14587,United Kingdom,Europe
1442,14591,United Kingdom,Europe
1443,14592,United Kingdom,Europe
1444,14593,United Kingdom,Europe
1445,14594,United Kingdom,Europe
1446,14595,United Kingdom,Europe
1447,14597,United Kingdom,Europe
1448,14598,United Kingdom,Europe
1449,14600,United Kingdom,Europe
1450,14606,United Kingdom,Europe
1451,14607,United Kingdom,Europe
1452,14608,United Kingdom,Europe
1453,14616,United Kingdom,Europe
1454,14618,United Kingdom,Europe
1455,14619,United Kingdom,Europe
1456,14620,United Kingdom,Europe
1457,14621,United Kingdom,Europe
1458,14622,United Kingdom,Europe
1459,14623,United Kingdom,Europe
1460,14624,United Kingdom,Europe
1461,14625,United Kingdom,Europe
1462,14626,United Kingdom,Europe
1463,14628,United Kingdom,Europe
1464,14629,United Kingdom,Europe
1465,14631,United Kingdom,Europe
1466,14633,United Kingdom,Europe
1467,14636,United Kingdom,Europe
1468,14638,United Kingdom,Europe
1469,14639,United Kingdom,Europe
1470,14640,United Kingdom,Europe
1471,14643,United Kingdom,Europe
1472,14644,United Kingdom,Europe
1473,14645,United Kingdom,Europe
1474,14646,Netherlands,Europe
1475,14647,United Kingdom,Europe
1476,14649,United Kingdom,Europe
1477,14651,United Kingdom,Europe
1478,14652,United Kingdom,Europe
1479,14653,United Kingdom,Europe
1480,14655,United Kingdom,Europe
1481,14656,United Kingdom,Europe
1482,14657,United Kingdom,Europe
1483,14658,United Kingdom,Europe
1484,14659,United Kingdom,Europe
1485,14660,United Kingdom,Europe
1486,14661,United Kingdom,Europe
1487,14662,United Kingdom,Europe
1488,14664,United Kingdom,Europe
1489,14665,United Kingdom,Europe
1490,14666,United Kingdom,Europe
1491,14667,United Kingdom,Europe
1492,14669,United Kingdom,Europe
1493,14670,United Kingdom,Europe
1494,14672,United Kingdom,Europe
1495,14673,United Kingdom,Europe
1496,14675,United Kingdom,Europe
1497,14676,United Kingdom,Europe
1498,14680,United Kingdom,Europe
1499,14681,United Kingdom,Europe
1500,14684,United Kingdom,Europe
1501,14687,United Kingdom,Europe
1502,14688,United Kingdom,Europe
1503,14689,United Kingdom,Europe
1504,14690,United Kingdom,Europe
1505,14691,United Kingdom,Europe
1506,14692,United Kingdom,Europe
1507,14693,United Kingdom,Europe
1508,14696,United Kingdom,Europe
1509,14697,United Kingdom,Europe
1510,14698,United Kingdom,Europe
1511,14699,United Kingdom,Europe
1512,14700,United Kingdom,Europe
1513,14701,United Kingdom,Europe
1514,14702,United Kingdom,Europe
1515,14703,United Kingdom,Europe
1516,14704,United Kingdom,Europe
1517,14708,United Kingdom,Europe
1518,14709,United Kingdom,Europe
1519,14710,United Kingdom,Europe
1520,14711,United Kingdom,Europe
1521,14713,United Kingdom,Europe
1522,14714,United Kingdom,Europe
1523,14715,United Kingdom,Europe
1524,14716,United Kingdom,Europe
1525,14719,United Kingdom,Europe
1526,14720,United Kingdom,Europe
1527,14722,United Kingdom,Europe
1528,14723,United Kingdom,Europe
1529,14725,United Kingdom,Europe
1530,14727,United Kingdom,Europe
1531,14729,United Kingdom,Europe
1532,14730,United Kingdom,Europe
1533,14731,United Kingdom,Europe
1534,14732,United Kingdom,Europe
1535,14733,United Kingdom,Europe
1536,14735,United Kingdom,Europe
1537,14737,United Kingdom,Europe
1538,14738,United Kingdom,Europe
1539,14739,United Kingdom,Europe
1540,14740,United Kingdom,Europe
1541,14741,United Kingdom,Europe
1542,14744,United Kingdom,Europe
1543,14745,United Kingdom,Europe
1544,14747,United Kingdom,Europe
1545,14748,United Kingdom,Europe
1546,14753,United Kingdom,Europe
1547,14754,United Kingdom,Europe
1548,14755,United Kingdom,Europe
1549,14756,United Kingdom,Europe
1550,14757,United Kingdom,Europe
1551,14758,United Kingdom,Europe
1552,14759,United Kingdom,Europe
1553,14761,United Kingdom,Europe
1554,14762,United Kingdom,Europe
1555,14765,United Kingdom,Europe
1556,14766,United Kingdom,Europe
1557,14769,United Kingdom,Europe
1558,14770,United Kingdom,Europe
1559,14772,United Kingdom,Europe
1560,14775,United Kingdom,Europe
1561,14776,United Kingdom,Europe
1562,14778,United Kingdom,Europe
1563,14779,United Kingdom,Europe
1564,14780,United Kingdom,Europe
1565,14782,United Kingdom,Europe
1566,14788,United Kingdom,Europe
1567,14790,United Kingdom,Europe
1568,14794,United Kingdom,Europe
1569,14795,United Kingdom,Europe
1570,14796,United Kingdom,Europe
1571,14798,United Kingdom,Europe
1572,14799,United Kingdom,Europe
1573,14800,United Kingdom,Europe
1574,14801,United Kingdom,Europe
1575,14803,United Kingdom,Europe
1576,14804,United Kingdom,Europe
1577,14805,United Kingdom,Europe
1578,14808,United Kingdom,Europe
1579,14810,United Kingdom,Europe
1580,14813,United Kingdom,Europe
1581,14815,United Kingdom,Europe
1582,14817,United Kingdom,Europe
1583,14818,United Kingdom,Europe
1584,14820,United Kingdom,Europe
1585,14823,United Kingdom,Europe
1586,14824,United Kingdom,Europe
1587,14825,United Kingdom,Europe
1588,14828,United Kingdom,Europe
1589,14829,United Kingdom,Europe
1590,14830,United Kingdom,Europe
1591,14834,United Kingdom,Europe
1592,14836,United Kingdom,Europe
1593,14837,United Kingdom,Europe
1594,14841,United Kingdom,Europe
1595,14842,United Kingdom,Europe
1596,14844,United Kingdom,Europe
1597,14847,United Kingdom,Europe
1598,14849,United Kingdom,Europe
1599,14850,United Kingdom,Europe
1600,14851,United Kingdom,Europe
1601,14852,United Kingdom,Europe
1602,14854,United Kingdom,Europe
1603,14855,United Kingdom,Europe
1604,14856,United Kingdom,Europe
1605,14857,United Kingdom,Europe
1606,14859,United Kingdom,Europe
1607,14860,United Kingdom,Europe
1608,14862,United Kingdom,Europe
1609,14863,United Kingdom,Europe
1610,14866,United Kingdom,Europe
1611,14867,United Kingdom,Europe
1612,14868,United Kingdom,Europe
1613,14869,United Kingdom,Europe
1614,14871,United Kingdom,Europe
1615,14873,United Kingdom,Europe
1616,14875,United Kingdom,Europe
1617,14878,United Kingdom,Europe
1618,14880,United Kingdom,Europe
1619,14881,United Kingdom,Europe
1620,14883,United Kingdom,Europe
1621,14885,United Kingdom,Europe
1622,14886,United Kingdom,Europe
1623,14888,United Kingdom,Europe
1624,14891,United Kingdom,Europe
1625,14893,United Kingdom,Europe
1626,14894,United Kingdom,Europe
1627,14895,United Kingdom,Europe
1628,14897,United Kingdom,Europe
1629,14898,United Kingdom,Europe
1630,14901,United Kingdom,Europe
1631,14902,United Kingdom,Europe
1632,14903,United Kingdom,Europe
1633,14904,United Kingdom,Europe
1634,14905,United Kingdom,Europe
1635,14907,United Kingdom,Europe
1636,14910,United Kingdom,Europe
1637,14911,Ireland,Europe
1638,14912,Italy,Europe
1639,14913,United Kingdom,Europe
1640,14915,United Kingdom,Europe
1641,14916,United Kingdom,Europe
1642,14918,United Kingdom,Europe
1643,14920,United Kingdom,Europe
1644,14921,United Kingdom,Europe
1645,14923,United Kingdom,Europe
1646,14924,United Kingdom,Europe
1647,14930,Channel Islands,Europe
1648,14931,Channel Islands,Europe
1649,14932,Channel Islands,Europe
1650,14934,Channel Islands,Europe
1651,14936,Channel Islands,Europe
1652,14937,Channel Islands,Europe
1653,14944,United Kingdom,Europe
1654,14946,United Kingdom,Europe
1655,14947,United Kingdom,Europe
1656,14948,United Kingdom,Europe
1657,14951,United Kingdom,Europe
1658,14952,United Kingdom,Europe
1659,14953,United Kingdom,Europe
1660,14954,United Kingdom,Europe
1661,14957,United Kingdom,Europe
1662,14958,United Kingdom,Europe
1663,14959,United Kingdom,Europe
1664,14960,United Kingdom,Europe
1665,14961,United Kingdom,Europe
1666,14962,United Kingdom,Europe
1667,14963,United Kingdom,Europe
1668,14964,United Kingdom,Europe
1669,14965,United Kingdom,Europe
1670,14966,United Kingdom,Europe
1671,14968,United Kingdom,Europe
1672,14970,United Kingdom,Europe
1673,14971,United Kingdom,Europe
1674,14972,United Kingdom,Europe
1675,14973,United Kingdom,Europe
1676,14974,United Kingdom,Europe
1677,14975,United Kingdom,Europe
1678,14976,United Kingdom,Europe
1679,14978,United Kingdom,Europe
1680,14981,United Kingdom,Europe
1681,14984,United Kingdom,Europe
1682,14985,United Kingdom,Europe
1683,14988,United Kingdom,Europe
1684,14995,United Kingdom,Europe
1685,14997,United Kingdom,Europe
1686,14998,United Kingdom,Europe
1687,15000,United Kingdom,Europe
1688,15002,United Kingdom,Europe
1689,15004,United Kingdom,Europe
1690,15005,United Kingdom,Europe
1691,15006,United Kingdom,Europe
1692,15009,United Kingdom,Europe
1693,15010,United Kingdom,Europe
1694,15012,United Kingdom,Europe
1695,15014,United Kingdom,Europe
1696,15016,United Kingdom,Europe
1697,15017,United Kingdom,Europe
1698,15018,United Kingdom,Europe
1699,15019,United Kingdom,Europe
1700,15021,United Kingdom,Europe
1701,15022,United Kingdom,Europe
1702,15023,United Kingdom,Europe
1703,15024,United Kingdom,Europe
1704,15025,United Kingdom,Europe
1705,15026,United Kingdom,Europe
1706,15027,United Kingdom,Europe
1707,15028,United Kingdom,Europe
1708,15030,United Kingdom,Europe
1709,15031,United Kingdom,Europe
1710,15032,United Kingdom,Europe
1711,15033,United Kingdom,Europe
1712,15034,United Kingdom,Europe
1713,15035,United Kingdom,Europe
1714,15036,United Kingdom,Europe
1715,15038,United Kingdom,Europe
1716,15039,United Kingdom,Europe
1717,15041,United Kingdom,Europe
1718,15044,United Kingdom,Europe
1719,15046,United Kingdom,Europe
1720,15047,United Kingdom,Europe
1721,15048,United Kingdom,Europe
1722,15050,United Kingdom,Europe
1723,15051,United Kingdom,Europe
1724,15052,United Kingdom,Europe
1725,15053,United Kingdom,Europe
1726,15054,United Kingdom,Europe
1727,15057,United Kingdom,Europe
1728,15058,United Kingdom,Europe
1729,15059,United Kingdom,Europe
1730,15060,United Kingdom,Europe
1731,15061,United Kingdom,Europe
1732,15062,United Kingdom,Europe
1733,15065,United Kingdom,Europe
1734,15066,United Kingdom,Europe
1735,15067,United Kingdom,Europe
1736,15068,United Kingdom,Europe
1737,15069,United Kingdom,Europe
1738,15071,United Kingdom,Europe
1739,15073,United Kingdom,Europe
1740,15074,United Kingdom,Europe
1741,15075,United Kingdom,Europe
1742,15076,United Kingdom,Europe
1743,15078,United Kingdom,Europe
1744,15079,United Kingdom,Europe
1745,15081,United Kingdom,Europe
1746,15087,United Kingdom,Europe
1747,15088,United Kingdom,Europe
1748,15089,United Kingdom,Europe
1749,15090,United Kingdom,Europe
1750,15091,United Kingdom,Europe
1751,15092,United Kingdom,Europe
1752,15093,United Kingdom,Europe
1753,15095,United Kingdom,Europe
1754,15096,United Kingdom,Europe
1755,15097,United Kingdom,Europe
1756,15099,United Kingdom,Europe
1757,15100,United Kingdom,Europe
1758,15103,United Kingdom,Europe
1759,15104,United Kingdom,Europe
1760,15105,United Kingdom,Europe
1761,15106,United Kingdom,Europe
1762,15107,United Kingdom,Europe
1763,15108,European Community,Other
1764,15109,United Kingdom,Europe
1765,15110,United Kingdom,Europe
1766,15111,United Kingdom,Europe
1767,15113,United Kingdom,Europe
1768,15114,United Kingdom,Europe
1769,15115,United Kingdom,Europe
1770,15116,United Kingdom,Europe
1771,15117,United Kingdom,Europe
1772,15119,United Kingdom,Europe
1773,15120,United Kingdom,Europe
1774,15121,United Kingdom,Europe
1775,15122,United Kingdom,Europe
1776,15123,United Kingdom,Europe
1777,15124,United Kingdom,Europe
1778,15125,United Kingdom,Europe
1779,15127,United Kingdom,Europe
1780,15128,United Kingdom,Europe
1781,15129,United Kingdom,Europe
1782,15130,United Kingdom,Europe
1783,15132,United Kingdom,Europe
1784,15133,United Kingdom,Europe
1785,15134,United Kingdom,Europe
1786,15136,United Kingdom,Europe
1787,15139,United Kingdom,Europe
1788,15140,United Kingdom,Europe
1789,15142,United Kingdom,Europe
1790,15143,United Kingdom,Europe
1791,15144,United Kingdom,Europe
1792,15145,United Kingdom,Europe
1793,15146,United Kingdom,Europe
1794,15147,United Kingdom,Europe
1795,15148,United Kingdom,Europe
1796,15149,United Kingdom,Europe
1797,15150,United Kingdom,Europe
1798,15152,United Kingdom,Europe
1799,15153,United Kingdom,Europe
1800,15154,United Kingdom,Europe
1801,15156,United Kingdom,Europe
1802,15157,United Kingdom,Europe
1803,15159,United Kingdom,Europe
1804,15163,United Kingdom,Europe
1805,15164,United Kingdom,Europe
1806,15165,United Kingdom,Europe
1807,15167,United Kingdom,Europe
1808,15168,United Kingdom,Europe
1809,15172,United Kingdom,Europe
1810,15175,United Kingdom,Europe
1811,15179,United Kingdom,Europe
1812,15181,United Kingdom,Europe
1813,15182,United Kingdom,Europe
1814,15184,United Kingdom,Europe
1815,15185,United Kingdom,Europe
1816,15186,United Kingdom,Europe
1817,15187,United Kingdom,Europe
1818,15189,United Kingdom,Europe
1819,15192,United Kingdom,Europe
1820,15193,United Kingdom,Europe
1821,15194,United Kingdom,Europe
1822,15197,United Kingdom,Europe
1823,15198,United Kingdom,Europe
1824,15199,United Kingdom,Europe
1825,15201,United Kingdom,Europe
1826,15203,United Kingdom,Europe
1827,15204,United Kingdom,Europe
1828,15205,United Kingdom,Europe
1829,15206,United Kingdom,Europe
1830,15208,United Kingdom,Europe
1831,15210,United Kingdom,Europe
1832,15211,United Kingdom,Europe
1833,15213,United Kingdom,Europe
1834,15214,United Kingdom,Europe
1835,15215,United Kingdom,Europe
1836,15216,United Kingdom,Europe
1837,15218,United Kingdom,Europe
1838,15219,United Kingdom,Europe
1839,15220,United Kingdom,Europe
1840,15223,United Kingdom,Europe
1841,15224,United Kingdom,Europe
1842,15225,United Kingdom,Europe
1843,15227,United Kingdom,Europe
1844,15228,United Kingdom,Europe
1845,15230,United Kingdom,Europe
1846,15232,United Kingdom,Europe
1847,15235,United Kingdom,Europe
1848,15236,United Kingdom,Europe
1849,15237,United Kingdom,Europe
1850,15238,United Kingdom,Europe
1851,15239,United Kingdom,Europe
1852,15240,United Kingdom,Europe
1853,15241,United Kingdom,Europe
1854,15243,United Kingdom,Europe
1855,15244,United Kingdom,Europe
1856,15245,United Kingdom,Europe
1857,15246,United Kingdom,Europe
1858,15247,United Kingdom,Europe
1859,15249,United Kingdom,Europe
1860,15251,United Kingdom,Europe
1861,15252,United Kingdom,Europe
1862,15253,United Kingdom,Europe
1863,15254,United Kingdom,Europe
1864,15255,United Kingdom,Europe
1865,15257,United Kingdom,Europe
1866,15258,United Kingdom,Europe
1867,15260,United Kingdom,Europe
1868,15261,United Kingdom,Europe
1869,15262,United Kingdom,Europe
1870,15263,United Kingdom,Europe
1871,15264,United Kingdom,Europe
1872,15265,United Kingdom,Europe
1873,15267,United Kingdom,Europe
1874,15270,United Kingdom,Europe
1875,15271,United Kingdom,Europe
1876,15274,United Kingdom,Europe
1877,15275,United Kingdom,Europe
1878,15276,United Kingdom,Europe
1879,15277,United Kingdom,Europe
1880,15280,United Kingdom,Europe
1881,15281,United Kingdom,Europe
1882,15287,United Kingdom,Europe
1883,15288,United Kingdom,Europe
1884,15289,United Kingdom,Europe
1885,15290,United Kingdom,Europe
1886,15291,United Kingdom,Europe
1887,15292,United Kingdom,Europe
1888,15296,United Kingdom,Europe
1889,15297,United Kingdom,Europe
1890,15298,United Kingdom,Europe
1891,15299,United Kingdom,Europe
1892,15300,United Kingdom,Europe
1893,15301,United Kingdom,Europe
1894,15303,United Kingdom,Europe
1895,15304,United Kingdom,Europe
1896,15306,United Kingdom,Europe
1897,15307,United Kingdom,Europe
1898,15308,United Kingdom,Europe
1899,15311,United Kingdom,Europe
1900,15312,United Kingdom,Europe
1901,15315,United Kingdom,Europe
1902,15318,United Kingdom,Europe
1903,15319,United Kingdom,Europe
1904,15320,United Kingdom,Europe
1905,15321,United Kingdom,Europe
1906,15325,United Kingdom,Europe
1907,15326,United Kingdom,Europe
1908,15327,United Kingdom,Europe
1909,15329,United Kingdom,Europe
1910,15330,United Kingdom,Europe
1911,15332,Lithuania,Other
1912,15333,United Kingdom,Europe
1913,15334,United Kingdom,Europe
1914,15335,United Kingdom,Europe
1915,15339,United Kingdom,Europe
1916,15341,United Kingdom,Europe
1917,15342,United Kingdom,Europe
1918,15343,United Kingdom,Europe
1919,15344,United Kingdom,Europe
1920,15346,United Kingdom,Europe
1921,15349,United Kingdom,Europe
1922,15351,United Kingdom,Europe
1923,15353,United Kingdom,Europe
1924,15355,United Kingdom,Europe
1925,15356,United Kingdom,Europe
1926,15358,United Kingdom,Europe
1927,15360,United Kingdom,Europe
1928,15361,United Kingdom,Europe
1929,15363,United Kingdom,Europe
1930,15364,United Kingdom,Europe
1931,15365,United Kingdom,Europe
1932,15366,United Kingdom,Europe
1933,15367,United Kingdom,Europe
1934,15370,United Kingdom,Europe
1935,15372,United Kingdom,Europe
1936,15373,United Kingdom,Europe
1937,15376,United Kingdom,Europe
1938,15379,United Kingdom,Europe
1939,15380,United Kingdom,Europe
1940,15381,United Kingdom,Europe
1941,15382,United Kingdom,Europe
1942,15384,United Kingdom,Europe
1943,15385,United Kingdom,Europe
1944,15386,United Kingdom,Europe
1945,15392,United Kingdom,Europe
1946,15393,United Kingdom,Europe
1947,15394,United Kingdom,Europe
1948,15395,United Kingdom,Europe
1949,15396,United Kingdom,Europe
1950,15398,United Kingdom,Europe
1951,15399,United Kingdom,Europe
1952,15400,United Kingdom,Europe
1953,15402,United Kingdom,Europe
1954,15406,United Kingdom,Europe
1955,15407,United Kingdom,Europe
1956,15408,United Kingdom,Europe
1957,15410,United Kingdom,Europe
1958,15411,United Kingdom,Europe
1959,15412,United Kingdom,Europe
1960,15414,United Kingdom,Europe
1961,15415,United Kingdom,Europe
1962,15416,United Kingdom,Europe
1963,15417,United Kingdom,Europe
1964,15421,United Kingdom,Europe
1965,15422,United Kingdom,Europe
1966,15424,United Kingdom,Europe
1967,15426,United Kingdom,Europe
1968,15427,United Kingdom,Europe
1969,15429,United Kingdom,Europe
1970,15433,United Kingdom,Europe
1971,15434,United Kingdom,Europe
1972,15435,United Kingdom,Europe
1973,15436,United Kingdom,Europe
1974,15437,United Kingdom,Europe
1975,15438,United Kingdom,Europe
1976,15440,United Kingdom,Europe
1977,15443,United Kingdom,Europe
1978,15444,United Kingdom,Europe
1979,15449,United Kingdom,Europe
1980,15450,United Kingdom,Europe
1981,15452,United Kingdom,Europe
1982,15453,United Kingdom,Europe
1983,15454,United Kingdom,Europe
1984,15456,United Kingdom,Europe
1985,15457,United Kingdom,Europe
1986,15460,United Kingdom,Europe
1987,15462,United Kingdom,Europe
1988,15464,United Kingdom,Europe
1989,15465,United Kingdom,Europe
1990,15466,United Kingdom,Europe
1991,15467,United Kingdom,Europe
1992,15468,United Kingdom,Europe
1993,15471,United Kingdom,Europe
1994,15472,United Kingdom,Europe
1995,15473,United Kingdom,Europe
1996,15475,United Kingdom,Europe
1997,15478,United Kingdom,Europe
1998,15480,Malta,Other
1999,15482,United Kingdom,Europe
2000,15483,United Kingdom,Europe
2001,15484,United Kingdom,Europe
2002,15485,United Kingdom,Europe
2003,15489,United Kingdom,Europe
2004,15491,United Kingdom,Europe
2005,15492,United Kingdom,Europe
2006,15493,United Kingdom,Europe
2007,15494,United Kingdom,Europe
2008,15498,United Kingdom,Europe
2009,15500,United Kingdom,Europe
2010,15502,United Kingdom,Europe
2011,15503,United Kingdom,Europe
2012,15504,United Kingdom,Europe
2013,15505,United Kingdom,Europe
2014,15506,United Kingdom,Europe
2015,15507,United Kingdom,Europe
2016,15508,United Kingdom,Europe
2017,15511,United Kingdom,Europe
2018,15512,United Kingdom,Europe
2019,15513,United Kingdom,Europe
2020,15514,United Kingdom,Europe
2021,15516,United Kingdom,Europe
2022,15518,United Kingdom,Europe
2023,15520,United Kingdom,Europe
2024,15521,United Kingdom,Europe
2025,15522,United Kingdom,Europe
2026,15525,United Kingdom,Europe
2027,15527,United Kingdom,Europe
2028,15528,United Kingdom,Europe
2029,15529,United Kingdom,Europe
2030,15530,United Kingdom,Europe
2031,15531,United Kingdom,Europe
2032,15532,United Kingdom,Europe
2033,15533,United Kingdom,Europe
2034,15535,United Kingdom,Europe
2035,15537,United Kingdom,Europe
2036,15539,United Kingdom,Europe
2037,15540,United Kingdom,Europe
2038,15541,United Kingdom,Europe
2039,15543,United Kingdom,Europe
2040,15544,United Kingdom,Europe
2041,15545,United Kingdom,Europe
2042,15547,United Kingdom,Europe
2043,15549,United Kingdom,Europe
2044,15550,United Kingdom,Europe
2045,15551,United Kingdom,Europe
2046,15552,United Kingdom,Europe
2047,15553,United Kingdom,Europe
2048,15554,United Kingdom,Europe
2049,15555,United Kingdom,Europe
2050,15556,United Kingdom,Europe
2051,15561,United Kingdom,Europe
2052,15563,United Kingdom,Europe
2053,15565,United Kingdom,Europe
2054,15567,United Kingdom,Europe
2055,15568,United Kingdom,Europe
2056,15569,United Kingdom,Europe
2057,15570,United Kingdom,Europe
2058,15571,United Kingdom,Europe
2059,15572,United Kingdom,Europe
2060,15573,United Kingdom,Europe
2061,15574,United Kingdom,Europe
2062,15576,United Kingdom,Europe
2063,15577,United Kingdom,Europe
2064,15578,United Kingdom,Europe
2065,15579,United Kingdom,Europe
2066,15581,United Kingdom,Europe
2067,15582,United Kingdom,Europe
2068,15584,United Kingdom,Europe
2069,15585,United Kingdom,Europe
2070,15587,United Kingdom,Europe
2071,15589,United Kingdom,Europe
2072,15592,United Kingdom,Europe
2073,15594,United Kingdom,Europe
2074,15596,United Kingdom,Europe
2075,15597,United Kingdom,Europe
2076,15598,United Kingdom,Europe
2077,15599,United Kingdom,Europe
2078,15601,United Kingdom,Europe
2079,15602,United Kingdom,Europe
2080,15605,United Kingdom,Europe
2081,15606,United Kingdom,Europe
2082,15607,United Kingdom,Europe
2083,15608,United Kingdom,Europe
2084,15609,United Kingdom,Europe
2085,15610,United Kingdom,Europe
2086,15611,United Kingdom,Europe
2087,15612,United Kingdom,Europe
2088,15615,United Kingdom,Europe
2089,15618,United Kingdom,Europe
2090,15619,United Kingdom,Europe
2091,15620,United Kingdom,Europe
2092,15621,United Kingdom,Europe
2093,15622,United Kingdom,Europe
2094,15623,United Kingdom,Europe
2095,15624,United Kingdom,Europe
2096,15625,United Kingdom,Europe
2097,15626,United Kingdom,Europe
2098,15628,United Kingdom,Europe
2099,15630,United Kingdom,Europe
2100,15632,United Kingdom,Europe
2101,15634,United Kingdom,Europe
2102,15636,United Kingdom,Europe
2103,15639,United Kingdom,Europe
2104,15640,United Kingdom,Europe
2105,15641,United Kingdom,Europe
2106,15643,United Kingdom,Europe
2107,15644,United Kingdom,Europe
2108,15645,United Kingdom,Europe
2109,15646,United Kingdom,Europe
2110,15649,United Kingdom,Europe
2111,15651,United Kingdom,Europe
2112,15652,United Kingdom,Europe
2113,15653,United Kingdom,Europe
2114,15654,United Kingdom,Europe
2115,15656,United Kingdom,Europe
2116,15658,United Kingdom,Europe
2117,15660,United Kingdom,Europe
2118,15661,United Kingdom,Europe
2119,15663,United Kingdom,Europe
2120,15664,United Kingdom,Europe
2121,15665,United Kingdom,Europe
2122,15667,United Kingdom,Europe
2123,15668,United Kingdom,Europe
2124,15669,United Kingdom,Europe
2125,15671,United Kingdom,Europe
2126,15673,United Kingdom,Europe
2127,15674,United Kingdom,Europe
2128,15675,United Kingdom,Europe
2129,15676,United Kingdom,Europe
2130,15677,United Kingdom,Europe
2131,15678,United Kingdom,Europe
2132,15679,United Kingdom,Europe
2133,15680,United Kingdom,Europe
2134,15681,United Kingdom,Europe
2135,15687,United Kingdom,Europe
2136,15689,United Kingdom,Europe
2137,15690,United Kingdom,Europe
2138,15694,United Kingdom,Europe
2139,15695,United Kingdom,Europe
2140,15696,United Kingdom,Europe
2141,15700,United Kingdom,Europe
2142,15701,United Kingdom,Europe
2143,15703,United Kingdom,Europe
2144,15704,United Kingdom,Europe
2145,15705,United Kingdom,Europe
2146,15706,United Kingdom,Europe
2147,15707,United Kingdom,Europe
2148,15708,United Kingdom,Europe
2149,15709,United Kingdom,Europe
2150,15712,United Kingdom,Europe
2151,15714,United Kingdom,Europe
2152,15716,United Kingdom,Europe
2153,15719,United Kingdom,Europe
2154,15720,United Kingdom,Europe
2155,15721,United Kingdom,Europe
2156,15722,United Kingdom,Europe
2157,15723,United Kingdom,Europe
2158,15725,United Kingdom,Europe
2159,15727,United Kingdom,Europe
2160,15729,United Kingdom,Europe
2161,15730,United Kingdom,Europe
2162,15732,United Kingdom,Europe
2163,15733,United Kingdom,Europe
2164,15734,United Kingdom,Europe
2165,15737,United Kingdom,Europe
2166,15738,United Kingdom,Europe
2167,15740,United Kingdom,Europe
2168,15743,United Kingdom,Europe
2169,15745,United Kingdom,Europe
2170,15746,United Kingdom,Europe
2171,15747,United Kingdom,Europe
2172,15749,United Kingdom,Europe
2173,15750,United Kingdom,Europe
2174,15752,United Kingdom,Europe
2175,15754,United Kingdom,Europe
2176,15755,United Kingdom,Europe
2177,15756,United Kingdom,Europe
2178,15757,United Kingdom,Europe
2179,15758,United Kingdom,Europe
2180,15762,United Kingdom,Europe
2181,15763,United Kingdom,Europe
2182,15764,United Kingdom,Europe
2183,15766,United Kingdom,Europe
2184,15768,United Kingdom,Europe
2185,15769,United Kingdom,Europe
2186,15774,United Kingdom,Europe
2187,15775,United Kingdom,Europe
2188,15776,United Kingdom,Europe
2189,15777,United Kingdom,Europe
2190,15780,United Kingdom,Europe
2191,15781,United Kingdom,Europe
2192,15782,United Kingdom,Europe
2193,15783,United Kingdom,Europe
2194,15785,United Kingdom,Europe
2195,15786,United Kingdom,Europe
2196,15787,United Kingdom,Europe
2197,15790,United Kingdom,Europe
2198,15791,United Kingdom,Europe
2199,15793,United Kingdom,Europe
2200,15795,United Kingdom,Europe
2201,15796,United Kingdom,Europe
2202,15797,United Kingdom,Europe
2203,15799,United Kingdom,Europe
2204,15800,United Kingdom,Europe
2205,15801,United Kingdom,Europe
2206,15804,United Kingdom,Europe
2207,15805,United Kingdom,Europe
2208,15806,United Kingdom,Europe
2209,15807,United Kingdom,Europe
2210,15808,United Kingdom,Europe
2211,15809,United Kingdom,Europe
2212,15810,United Kingdom,Europe
2213,15811,United Kingdom,Europe
2214,15812,United Kingdom,Europe
2215,15813,United Kingdom,Europe
2216,15814,United Kingdom,Europe
2217,15815,United Kingdom,Europe
2218,15819,United Kingdom,Europe
2219,15820,United Kingdom,Europe
2220,15821,United Kingdom,Europe
2221,15822,United Kingdom,Europe
2222,15825,United Kingdom,Europe
2223,15826,United Kingdom,Europe
2224,15827,United Kingdom,Europe
2225,15829,United Kingdom,Europe
2226,15830,United Kingdom,Europe
2227,15831,United Kingdom,Europe
2228,15832,United Kingdom,Europe
2229,15834,United Kingdom,Europe
2230,15835,United Kingdom,Europe
2231,15837,United Kingdom,Europe
2232,15838,United Kingdom,Europe
2233,15839,United Kingdom,Europe
2234,15840,United Kingdom,Europe
2235,15841,United Kingdom,Europe
2236,15843,United Kingdom,Europe
2237,15844,United Kingdom,Europe
2238,15845,United Kingdom,Europe
2239,15847,United Kingdom,Europe
2240,15850,United Kingdom,Europe
2241,15852,United Kingdom,Europe
2242,15853,United Kingdom,Europe
2243,15854,United Kingdom,Europe
2244,15855,United Kingdom,Europe
2245,15856,United Kingdom,Europe
2246,15857,United Kingdom,Europe
2247,15858,United Kingdom,Europe
2248,15860,United Kingdom,Europe
2249,15861,United Kingdom,Europe
2250,15862,United Kingdom,Europe
2251,15863,United Kingdom,Europe
2252,15864,United Kingdom,Europe
2253,15865,United Kingdom,Europe
2254,15866,United Kingdom,Europe
2255,15867,United Kingdom,Europe
2256,15869,United Kingdom,Europe
2257,15870,United Kingdom,Europe
2258,15872,United Kingdom,Europe
2259,15874,United Kingdom,Europe
2260,15877,United Kingdom,Europe
2261,15880,United Kingdom,Europe
2262,15881,United Kingdom,Europe
2263,15882,United Kingdom,Europe
2264,15883,United Kingdom,Europe
2265,15885,United Kingdom,Europe
2266,15886,United Kingdom,Europe
2267,15888,United Kingdom,Europe
2268,15889,United Kingdom,Europe
2269,15891,United Kingdom,Europe
2270,15894,United Kingdom,Europe
2271,15895,United Kingdom,Europe
2272,15897,United Kingdom,Europe
2273,15898,United Kingdom,Europe
2274,15900,United Kingdom,Europe
2275,15901,United Kingdom,Europe
2276,15903,United Kingdom,Europe
2277,15904,United Kingdom,Europe
2278,15906,United Kingdom,Europe
2279,15907,United Kingdom,Europe
2280,15910,United Kingdom,Europe
2281,15912,United Kingdom,Europe
2282,15916,United Kingdom,Europe
2283,15917,United Kingdom,Europe
2284,15918,United Kingdom,Europe
2285,15919,United Kingdom,Europe
2286,15920,United Kingdom,Europe
2287,15921,United Kingdom,Europe
2288,15923,United Kingdom,Europe
2289,15925,United Kingdom,Europe
2290,15932,United Kingdom,Europe
2291,15933,United Kingdom,Europe
2292,15935,United Kingdom,Europe
2293,15937,United Kingdom,Europe
2294,15939,United Kingdom,Europe
2295,15942,United Kingdom,Europe
2296,15947,United Kingdom,Europe
2297,15948,United Kingdom,Europe
2298,15949,United Kingdom,Europe
2299,15950,United Kingdom,Europe
2300,15951,United Kingdom,Europe
2301,15952,United Kingdom,Europe
2302,15953,United Kingdom,Europe
2303,15955,United Kingdom,Europe
2304,15957,United Kingdom,Europe
2305,15958,United Kingdom,Europe
2306,15963,United Kingdom,Europe
2307,15965,United Kingdom,Europe
2308,15967,United Kingdom,Europe
2309,15969,United Kingdom,Europe
2310,15970,United Kingdom,Europe
2311,15971,United Kingdom,Europe
2312,15974,United Kingdom,Europe
2313,15975,United Kingdom,Europe
2314,15976,United Kingdom,Europe
2315,15977,United Kingdom,Europe
2316,15978,United Kingdom,Europe
2317,15980,United Kingdom,Europe
2318,15981,United Kingdom,Europe
2319,15983,United Kingdom,Europe
2320,15984,United Kingdom,Europe
2321,15985,United Kingdom,Europe
2322,15986,United Kingdom,Europe
2323,15987,United Kingdom,Europe
2324,15988,United Kingdom,Europe
2325,15990,United Kingdom,Europe
2326,15993,United Kingdom,Europe
2327,15994,United Kingdom,Europe
2328,15996,United Kingdom,Europe
2329,15998,United Kingdom,Europe
2330,16003,United Kingdom,Europe
2331,16005,United Kingdom,Europe
2332,16006,United Kingdom,Europe
2333,16007,United Kingdom,Europe
2334,16008,United Kingdom,Europe
2335,16009,United Kingdom,Europe
2336,16010,United Kingdom,Europe
2337,16011,United Kingdom,Europe
2338,16012,United Kingdom,Europe
2339,16013,United Kingdom,Europe
2340,16014,United Kingdom,Europe
2341,16015,United Kingdom,Europe
2342,16016,United Kingdom,Europe
2343,16017,United Kingdom,Europe
2344,16018,United Kingdom,Europe
2345,16019,United Kingdom,Europe
2346,16020,United Kingdom,Europe
2347,16022,United Kingdom,Europe
2348,16023,United Kingdom,Europe
2349,16024,United Kingdom,Europe
2350,16025,United Kingdom,Europe
2351,16026,United Kingdom,Europe
2352,16027,United Kingdom,Europe
2353,16029,United Kingdom,Europe
2354,16030,United Kingdom,Europe
2355,16031,United Kingdom,Europe
2356,16033,United Kingdom,Europe
2357,16034,United Kingdom,Europe
2358,16036,United Kingdom,Europe
2359,16037,United Kingdom,Europe
2360,16038,United Kingdom,Europe
2361,16040,United Kingdom,Europe
2362,16042,United Kingdom,Europe
2363,16043,United Kingdom,Europe
2364,16045,United Kingdom,Europe
2365,16048,United Kingdom,Europe
2366,16049,United Kingdom,Europe
2367,16050,United Kingdom,Europe
2368,16052,United Kingdom,Europe
2369,16053,United Kingdom,Europe
2370,16054,United Kingdom,Europe
2371,16055,United Kingdom,Europe
2372,16056,United Kingdom,Europe
2373,16057,United Kingdom,Europe
2374,16059,United Kingdom,Europe
2375,16062,United Kingdom,Europe
2376,16063,United Kingdom,Europe
2377,16065,United Kingdom,Europe
2378,16066,United Kingdom,Europe
2379,16070,United Kingdom,Europe
2380,16071,United Kingdom,Europe
2381,16072,United Kingdom,Europe
2382,16076,United Kingdom,Europe
2383,16079,United Kingdom,Europe
2384,16081,United Kingdom,Europe
2385,16083,United Kingdom,Europe
2386,16084,United Kingdom,Europe
2387,16085,United Kingdom,Europe
2388,16086,United Kingdom,Europe
2389,16091,United Kingdom,Europe
2390,16092,United Kingdom,Europe
2391,16094,United Kingdom,Europe
2392,16097,United Kingdom,Europe
2393,16098,United Kingdom,Europe
2394,16099,United Kingdom,Europe
2395,16101,United Kingdom,Europe
2396,16102,United Kingdom,Europe
2397,16103,United Kingdom,Europe
2398,16104,United Kingdom,Europe
2399,16107,United Kingdom,Europe
2400,16108,United Kingdom,Europe
2401,16109,United Kingdom,Europe
2402,16110,United Kingdom,Europe
2403,16112,United Kingdom,Europe
2404,16113,United Kingdom,Europe
2405,16115,United Kingdom,Europe
2406,16116,United Kingdom,Europe
2407,16117,United Kingdom,Europe
2408,16120,United Kingdom,Europe
2409,16121,United Kingdom,Europe
2410,16122,United Kingdom,Europe
2411,16123,United Kingdom,Europe
2412,16124,United Kingdom,Europe
2413,16126,United Kingdom,Europe
2414,16127,United Kingdom,Europe
2415,16128,United Kingdom,Europe
2416,16131,United Kingdom,Europe
2417,16133,United Kingdom,Europe
2418,16134,United Kingdom,Europe
2419,16135,United Kingdom,Europe
2420,16136,United Kingdom,Europe
2421,16139,United Kingdom,Europe
2422,16140,United Kingdom,Europe
2423,16141,United Kingdom,Europe
2424,16142,United Kingdom,Europe
2425,16143,United Kingdom,Europe
2426,16145,United Kingdom,Europe
2427,16146,United Kingdom,Europe
2428,16147,United Kingdom,Europe
2429,16149,United Kingdom,Europe
2430,16150,United Kingdom,Europe
2431,16153,United Kingdom,Europe
2432,16156,United Kingdom,Europe
2433,16159,United Kingdom,Europe
2434,16161,United Kingdom,Europe
2435,16164,United Kingdom,Europe
2436,16168,United Kingdom,Europe
2437,16169,United Kingdom,Europe
2438,16170,United Kingdom,Europe
2439,16171,United Kingdom,Europe
2440,16172,United Kingdom,Europe
2441,16173,United Kingdom,Europe
2442,16174,United Kingdom,Europe
2443,16175,United Kingdom,Europe
2444,16178,United Kingdom,Europe
2445,16179,United Kingdom,Europe
2446,16180,United Kingdom,Europe
2447,16181,United Kingdom,Europe
2448,16182,United Kingdom,Europe
2449,16183,United Kingdom,Europe
2450,16184,United Kingdom,Europe
2451,16185,United Kingdom,Europe
2452,16186,United Kingdom,Europe
2453,16187,United Kingdom,Europe
2454,16188,United Kingdom,Europe
2455,16191,United Kingdom,Europe
2456,16193,United Kingdom,Europe
2457,16200,United Kingdom,Europe
2458,16201,United Kingdom,Europe
2459,16202,United Kingdom,Europe
2460,16204,United Kingdom,Europe
2461,16205,United Kingdom,Europe
2462,16206,United Kingdom,Europe
2463,16207,United Kingdom,Europe
2464,16208,United Kingdom,Europe
2465,16209,United Kingdom,Europe
2466,16210,United Kingdom,Europe
2467,16211,United Kingdom,Europe
2468,16212,United Kingdom,Europe
2469,16214,United Kingdom,Europe
2470,16216,United Kingdom,Europe
2471,16217,United Kingdom,Europe
2472,16218,United Kingdom,Europe
2473,16221,United Kingdom,Europe
2474,16222,United Kingdom,Europe
2475,16224,United Kingdom,Europe
2476,16225,United Kingdom,Europe
2477,16226,United Kingdom,Europe
2478,16229,United Kingdom,Europe
2479,16230,United Kingdom,Europe
2480,16232,United Kingdom,Europe
2481,16233,United Kingdom,Europe
2482,16235,United Kingdom,Europe
2483,16239,United Kingdom,Europe
2484,16240,United Kingdom,Europe
2485,16241,United Kingdom,Europe
2486,16242,United Kingdom,Europe
2487,16243,United Kingdom,Europe
2488,16244,United Kingdom,Europe
2489,16245,United Kingdom,Europe
2490,16247,United Kingdom,Europe
2491,16249,United Kingdom,Europe
2492,16250,United Kingdom,Europe
2493,16253,United Kingdom,Europe
2494,16255,United Kingdom,Europe
2495,16256,United Kingdom,Europe
2496,16258,United Kingdom,Europe
2497,16261,United Kingdom,Europe
2498,16265,United Kingdom,Europe
2499,16266,United Kingdom,Europe
2500,16268,United Kingdom,Europe
2501,16270,United Kingdom,Europe
2502,16271,United Kingdom,Europe
2503,16272,United Kingdom,Europe
2504,16274,United Kingdom,Europe
2505,16275,United Kingdom,Europe
2506,16276,United Kingdom,Europe
2507,16278,United Kingdom,Europe
2508,16279,United Kingdom,Europe
2509,16281,United Kingdom,Europe
2510,16282,United Kingdom,Europe
2511,16283,United Kingdom,Europe
2512,16284,United Kingdom,Europe
2513,16287,United Kingdom,Europe
2514,16293,United Kingdom,Europe
2515,16295,United Kingdom,Europe
2516,16297,United Kingdom,Europe
2517,16298,United Kingdom,Europe
2518,16303,United Kingdom,Europe
2519,16305,United Kingdom,Europe
2520,16306,United Kingdom,Europe
2521,16309,United Kingdom,Europe
2522,16311,United Kingdom,Europe
2523,16313,United Kingdom,Europe
2524,16316,United Kingdom,Europe
2525,16317,United Kingdom,Europe
2526,16318,United Kingdom,Europe
2527,16320,Unspecified,Other
2528,16322,United Kingdom,Europe
2529,16324,United Kingdom,Europe
2530,16325,United Kingdom,Europe
2531,16326,United Kingdom,Europe
2532,16327,United Kingdom,Europe
2533,16330,United Kingdom,Europe
2534,16332,United Kingdom,Europe
2535,16333,United Kingdom,Europe
2536,16337,United Kingdom,Europe
2537,16338,United Kingdom,Europe
2538,16339,United Kingdom,Europe
2539,16340,United Kingdom,Europe
2540,16341,United Kingdom,Europe
2541,16343,United Kingdom,Europe
2542,16344,United Kingdom,Europe
2543,16345,United Kingdom,Europe
2544,16347,United Kingdom,Europe
2545,16348,United Kingdom,Europe
2546,16349,United Kingdom,Europe
2547,16350,United Kingdom,Europe
2548,16352,United Kingdom,Europe
2549,16353,United Kingdom,Europe
2550,16354,United Kingdom,Europe
2551,16356,United Kingdom,Europe
2552,16357,United Kingdom,Europe
2553,16358,United Kingdom,Europe
2554,16359,United Kingdom,Europe
2555,16360,United Kingdom,Europe
2556,16361,United Kingdom,Europe
2557,16362,United Kingdom,Europe
2558,16363,United Kingdom,Europe
2559,16364,United Kingdom,Europe
2560,16365,United Kingdom,Europe
2561,16367,United Kingdom,Europe
2562,16368,United Kingdom,Europe
2563,16369,United Kingdom,Europe
2564,16370,United Kingdom,Europe
2565,16372,United Kingdom,Europe
2566,16374,United Kingdom,Europe
2567,16376,United Kingdom,Europe
2568,16377,United Kingdom,Europe
2569,16378,United Kingdom,Europe
2570,16379,United Kingdom,Europe
2571,16380,United Kingdom,Europe
2572,16383,United Kingdom,Europe
2573,16385,United Kingdom,Europe
2574,16386,United Kingdom,Europe
2575,16389,United Kingdom,Europe
2576,16392,United Kingdom,Europe
2577,16393,United Kingdom,Europe
2578,16394,United Kingdom,Europe
2579,16395,United Kingdom,Europe
2580,16398,United Kingdom,Europe
2581,16399,United Kingdom,Europe
2582,16400,United Kingdom,Europe
2583,16401,United Kingdom,Europe
2584,16402,United Kingdom,Europe
2585,16404,United Kingdom,Europe
2586,16405,United Kingdom,Europe
2587,16406,United Kingdom,Europe
2588,16407,United Kingdom,Europe
2589,16409,United Kingdom,Europe
2590,16411,United Kingdom,Europe
2591,16412,United Kingdom,Europe
2592,16414,United Kingdom,Europe
2593,16415,United Kingdom,Europe
2594,16416,United Kingdom,Europe
2595,16418,United Kingdom,Europe
2596,16419,United Kingdom,Europe
2597,16422,United Kingdom,Europe
2598,16423,United Kingdom,Europe
2599,16424,United Kingdom,Europe
2600,16426,United Kingdom,Europe
2601,16427,United Kingdom,Europe
2602,16430,United Kingdom,Europe
2603,16431,United Kingdom,Europe
2604,16434,United Kingdom,Europe
2605,16438,United Kingdom,Europe
2606,16440,United Kingdom,Europe
2607,16442,United Kingdom,Europe
2608,16444,United Kingdom,Europe
2609,16445,United Kingdom,Europe
2610,16446,United Kingdom,Europe
2611,16447,United Kingdom,Europe
2612,16448,United Kingdom,Europe
2613,16449,United Kingdom,Europe
2614,16450,United Kingdom,Europe
2615,16451,United Kingdom,Europe
2616,16455,United Kingdom,Europe
2617,16456,United Kingdom,Europe
2618,16457,United Kingdom,Europe
2619,16458,United Kingdom,Europe
2620,16460,United Kingdom,Europe
2621,16461,United Kingdom,Europe
2622,16463,United Kingdom,Europe
2623,16464,United Kingdom,Europe
2624,16466,United Kingdom,Europe
2625,16468,United Kingdom,Europe
2626,16469,United Kingdom,Europe
2627,16470,United Kingdom,Europe
2628,16471,United Kingdom,Europe
2629,16473,United Kingdom,Europe
2630,16474,United Kingdom,Europe
2631,16475,United Kingdom,Europe
2632,16477,United Kingdom,Europe
2633,16479,United Kingdom,Europe
2634,16480,United Kingdom,Europe
2635,16482,United Kingdom,Europe
2636,16483,United Kingdom,Europe
2637,16484,United Kingdom,Europe
2638,16485,United Kingdom,Europe
2639,16488,United Kingdom,Europe
2640,16491,United Kingdom,Europe
2641,16493,United Kingdom,Europe
2642,16494,United Kingdom,Europe
2643,16495,United Kingdom,Europe
2644,16496,United Kingdom,Europe
2645,16497,United Kingdom,Europe
2646,16498,United Kingdom,Europe
2647,16499,United Kingdom,Europe
2648,16500,United Kingdom,Europe
2649,16503,United Kingdom,Europe
2650,16504,United Kingdom,Europe
2651,16511,United Kingdom,Europe
2652,16513,United Kingdom,Europe
2653,16515,United Kingdom,Europe
2654,16518,United Kingdom,Europe
2655,16520,United Kingdom,Europe
2656,16523,United Kingdom,Europe
2657,16525,United Kingdom,Europe
2658,16527,United Kingdom,Europe
2659,16528,United Kingdom,Europe
2660,16529,United Kingdom,Europe
2661,16531,United Kingdom,Europe
2662,16532,United Kingdom,Europe
2663,16533,United Kingdom,Europe
2664,16535,United Kingdom,Europe
2665,16536,United Kingdom,Europe
2666,16539,United Kingdom,Europe
2667,16546,United Kingdom,Europe
2668,16549,United Kingdom,Europe
2669,16550,United Kingdom,Europe
2670,16551,United Kingdom,Europe
2671,16552,United Kingdom,Europe
2672,16553,United Kingdom,Europe
2673,16554,United Kingdom,Europe
2674,16556,United Kingdom,Europe
2675,16557,United Kingdom,Europe
2676,16558,United Kingdom,Europe
2677,16560,United Kingdom,Europe
2678,16561,United Kingdom,Europe
2679,16563,United Kingdom,Europe
2680,16567,United Kingdom,Europe
2681,16570,United Kingdom,Europe
2682,16571,United Kingdom,Europe
2683,16572,United Kingdom,Europe
2684,16573,United Kingdom,Europe
2685,16574,United Kingdom,Europe
2686,16583,United Kingdom,Europe
2687,16584,United Kingdom,Europe
2688,16587,United Kingdom,Europe
2689,16589,United Kingdom,Europe
2690,16591,United Kingdom,Europe
2691,16592,United Kingdom,Europe
2692,16594,United Kingdom,Europe
2693,16595,United Kingdom,Europe
2694,16600,United Kingdom,Europe
2695,16601,United Kingdom,Europe
2696,16602,United Kingdom,Europe
2697,16603,United Kingdom,Europe
2698,16607,United Kingdom,Europe
2699,16609,United Kingdom,Europe
2700,16611,United Kingdom,Europe
2701,16612,United Kingdom,Europe
2702,16613,United Kingdom,Europe
2703,16614,United Kingdom,Europe
2704,16616,United Kingdom,Europe
2705,16618,United Kingdom,Europe
2706,16619,United Kingdom,Europe
2707,16620,United Kingdom,Europe
2708,16621,United Kingdom,Europe
2709,16624,United Kingdom,Europe
2710,16625,United Kingdom,Europe
2711,16626,United Kingdom,Europe
2712,16627,United Kingdom,Europe
2713,16628,United Kingdom,Europe
2714,16629,United Kingdom,Europe
2715,16633,United Kingdom,Europe
2716,16634,United Kingdom,Europe
2717,16637,United Kingdom,Europe
2718,16638,United Kingdom,Europe
2719,16639,United Kingdom,Europe
2720,16642,United Kingdom,Europe
2721,16643,United Kingdom,Europe
2722,16644,United Kingdom,Europe
2723,16647,United Kingdom,Europe
2724,16648,United Kingdom,Europe
2725,16650,United Kingdom,Europe
2726,16652,United Kingdom,Europe
2727,16653,United Kingdom,Europe
2728,16654,United Kingdom,Europe
2729,16655,United Kingdom,Europe
2730,16656,United Kingdom,Europe
2731,16657,United Kingdom,Europe
2732,16658,United Kingdom,Europe
2733,16660,United Kingdom,Europe
2734,16665,United Kingdom,Europe
2735,16666,United Kingdom,Europe
2736,16667,United Kingdom,Europe
2737,16668,United Kingdom,Europe
2738,16669,United Kingdom,Europe
2739,16670,United Kingdom,Europe
2740,16671,United Kingdom,Europe
2741,16672,United Kingdom,Europe
2742,16674,United Kingdom,Europe
2743,16676,United Kingdom,Europe
2744,16678,United Kingdom,Europe
2745,16680,United Kingdom,Europe
2746,16681,United Kingdom,Europe
2747,16682,United Kingdom,Europe
2748,16684,United Kingdom,Europe
2749,16685,United Kingdom,Europe
2750,16686,United Kingdom,Europe
2751,16688,United Kingdom,Europe
2752,16690,United Kingdom,Europe
2753,16692,United Kingdom,Europe
2754,16693,United Kingdom,Europe
2755,16696,United Kingdom,Europe
2756,16700,United Kingdom,Europe
2757,16701,United Kingdom,Europe
2758,16705,United Kingdom,Europe
2759,16706,United Kingdom,Europe
2760,16708,United Kingdom,Europe
2761,16709,United Kingdom,Europe
2762,16710,United Kingdom,Europe
2763,16712,United Kingdom,Europe
2764,16713,United Kingdom,Europe
2765,16714,United Kingdom,Europe
2766,16715,United Kingdom,Europe
2767,16717,United Kingdom,Europe
2768,16718,United Kingdom,Europe
2769,16719,United Kingdom,Europe
2770,16720,United Kingdom,Europe
2771,16721,United Kingdom,Europe
2772,16722,United Kingdom,Europe
2773,16723,United Kingdom,Europe
2774,16725,United Kingdom,Europe
2775,16726,United Kingdom,Europe
2776,16727,United Kingdom,Europe
2777,16728,United Kingdom,Europe
2778,16729,United Kingdom,Europe
2779,16730,United Kingdom,Europe
2780,16732,United Kingdom,Europe
2781,16734,United Kingdom,Europe
2782,16735,United Kingdom,Europe
2783,16739,United Kingdom,Europe
2784,16743,United Kingdom,Europe
2785,16744,United Kingdom,Europe
2786,16745,United Kingdom,Europe
2787,16746,United Kingdom,Europe
2788,16747,United Kingdom,Europe
2789,16748,United Kingdom,Europe
2790,16750,United Kingdom,Europe
2791,16751,United Kingdom,Europe
2792,16753,United Kingdom,Europe
2793,16754,United Kingdom,Europe
2794,16755,United Kingdom,Europe
2795,16756,United Kingdom,Europe
2796,16757,United Kingdom,Europe
2797,16758,United Kingdom,Europe
2798,16759,United Kingdom,Europe
2799,16761,United Kingdom,Europe
2800,16762,United Kingdom,Europe
2801,16763,United Kingdom,Europe
2802,16764,United Kingdom,Europe
2803,16766,United Kingdom,Europe
2804,16767,United Kingdom,Europe
2805,16768,United Kingdom,Europe
2806,16769,United Kingdom,Europe
2807,16770,United Kingdom,Europe
2808,16771,United Kingdom,Europe
2809,16774,United Kingdom,Europe
2810,16775,United Kingdom,Europe
2811,16776,United Kingdom,Europe
2812,16777,United Kingdom,Europe
2813,16778,United Kingdom,Europe
2814,16779,United Kingdom,Europe
2815,16780,United Kingdom,Europe
2816,16781,United Kingdom,Europe
2817,16782,United Kingdom,Europe
2818,16784,United Kingdom,Europe
2819,16788,United Kingdom,Europe
2820,16789,United Kingdom,Europe
2821,16790,United Kingdom,Europe
2822,16791,United Kingdom,Europe
2823,16792,United Kingdom,Europe
2824,16793,United Kingdom,Europe
2825,16794,United Kingdom,Europe
2826,16795,United Kingdom,Europe
2827,16800,United Kingdom,Europe
2828,16801,United Kingdom,Europe
2829,16803,United Kingdom,Europe
2830,16804,United Kingdom,Europe
2831,16805,United Kingdom,Europe
2832,16806,United Kingdom,Europe
2833,16807,United Kingdom,Europe
2834,16808,United Kingdom,Europe
2835,16809,United Kingdom,Europe
2836,16810,United Kingdom,Europe
2837,16811,United Kingdom,Europe
2838,16812,United Kingdom,Europe
2839,16813,United Kingdom,Europe
2840,16814,United Kingdom,Europe
2841,16816,United Kingdom,Europe
2842,16817,United Kingdom,Europe
2843,16818,United Kingdom,Europe
2844,16823,United Kingdom,Europe
2845,16824,United Kingdom,Europe
2846,16825,United Kingdom,Europe
2847,16828,United Kingdom,Europe
2848,16830,United Kingdom,Europe
2849,16832,United Kingdom,Europe
2850,16833,United Kingdom,Europe
2851,16834,United Kingdom,Europe
2852,16835,United Kingdom,Europe
2853,16836,United Kingdom,Europe
2854,16837,United Kingdom,Europe
2855,16838,United Kingdom,Europe
2856,16839,United Kingdom,Europe
2857,16841,United Kingdom,Europe
2858,16842,United Kingdom,Europe
2859,16843,United Kingdom,Europe
2860,16846,United Kingdom,Europe
2861,16848,United Kingdom,Europe
2862,16849,United Kingdom,Europe
2863,16850,United Kingdom,Europe
2864,16852,United Kingdom,Europe
2865,16855,United Kingdom,Europe
2866,16858,United Kingdom,Europe
2867,16859,United Kingdom,Europe
2868,16861,United Kingdom,Europe
2869,16863,United Kingdom,Europe
2870,16869,United Kingdom,Europe
2871,16871,United Kingdom,Europe
2872,16873,United Kingdom,Europe
2873,16875,United Kingdom,Europe
2874,16877,United Kingdom,Europe
2875,16880,United Kingdom,Europe
2876,16882,United Kingdom,Europe
2877,16883,United Kingdom,Europe
2878,16884,United Kingdom,Europe
2879,16885,United Kingdom,Europe
2880,16887,United Kingdom,Europe
2881,16889,United Kingdom,Europe
2882,16891,United Kingdom,Europe
2883,16892,United Kingdom,Europe
2884,16893,United Kingdom,Europe
2885,16895,United Kingdom,Europe
2886,16897,United Kingdom,Europe
2887,16898,United Kingdom,Europe
2888,16899,United Kingdom,Europe
2889,16900,United Kingdom,Europe
2890,16902,United Kingdom,Europe
2891,16903,United Kingdom,Europe
2892,16904,United Kingdom,Europe
2893,16905,United Kingdom,Europe
2894,16906,United Kingdom,Europe
2895,16907,United Kingdom,Europe
2896,16909,United Kingdom,Europe
2897,16910,United Kingdom,Europe
2898,16912,United Kingdom,Europe
2899,16914,United Kingdom,Europe
2900,16915,United Kingdom,Europe
2901,16916,United Kingdom,Europe
2902,16917,United Kingdom,Europe
2903,16918,United Kingdom,Europe
2904,16919,United Kingdom,Europe
2905,16921,United Kingdom,Europe
2906,16923,United Kingdom,Europe
2907,16924,United Kingdom,Europe
2908,16926,United Kingdom,Europe
2909,16927,United Kingdom,Europe
2910,16928,United Kingdom,Europe
2911,16929,United Kingdom,Europe
2912,16930,United Kingdom,Europe
2913,16931,United Kingdom,Europe
2914,16932,United Kingdom,Europe
2915,16933,United Kingdom,Europe
2916,16934,United Kingdom,Europe
2917,16936,United Kingdom,Europe
2918,16938,United Kingdom,Europe
2919,16940,United Kingdom,Europe
2920,16942,United Kingdom,Europe
2921,16943,United Kingdom,Europe
2922,16945,United Kingdom,Europe
2923,16947,United Kingdom,Europe
2924,16948,United Kingdom,Europe
2925,16949,United Kingdom,Europe
2926,16950,United Kingdom,Europe
2927,16951,United Kingdom,Europe
2928,16952,United Kingdom,Europe
2929,16954,United Kingdom,Europe
2930,16955,United Kingdom,Europe
2931,16956,United Kingdom,Europe
2932,16959,United Kingdom,Europe
2933,16960,United Kingdom,Europe
2934,16965,United Kingdom,Europe
2935,16966,United Kingdom,Europe
2936,16967,United Kingdom,Europe
2937,16969,United Kingdom,Europe
2938,16971,United Kingdom,Europe
2939,16978,United Kingdom,Europe
2940,16979,United Kingdom,Europe
2941,16980,United Kingdom,Europe
2942,16982,United Kingdom,Europe
2943,16983,United Kingdom,Europe
2944,16984,United Kingdom,Europe
2945,16985,United Kingdom,Europe
2946,16987,United Kingdom,Europe
2947,16992,United Kingdom,Europe
2948,16996,United Kingdom,Europe
2949,16997,United Kingdom,Europe
2950,16998,United Kingdom,Europe
2951,16999,United Kingdom,Europe
2952,17001,United Kingdom,Europe
2953,17002,United Kingdom,Europe
2954,17004,United Kingdom,Europe
2955,17006,United Kingdom,Europe
2956,17007,United Kingdom,Europe
2957,17010,United Kingdom,Europe
2958,17011,United Kingdom,Europe
2959,17014,United Kingdom,Europe
2960,17015,United Kingdom,Europe
2961,17017,United Kingdom,Europe
2962,17018,United Kingdom,Europe
2963,17019,United Kingdom,Europe
2964,17027,United Kingdom,Europe
2965,17029,United Kingdom,Europe
2966,17033,United Kingdom,Europe
2967,17034,United Kingdom,Europe
2968,17035,United Kingdom,Europe
2969,17037,United Kingdom,Europe
2970,17038,United Kingdom,Europe
2971,17040,United Kingdom,Europe
2972,17041,United Kingdom,Europe
2973,17042,United Kingdom,Europe
2974,17043,United Kingdom,Europe
2975,17045,United Kingdom,Europe
2976,17046,United Kingdom,Europe
2977,17047,United Kingdom,Europe
2978,17048,United Kingdom,Europe
2979,17049,United Kingdom,Europe
2980,17050,United Kingdom,Europe
2981,17051,United Kingdom,Europe
2982,17052,United Kingdom,Europe
2983,17054,United Kingdom,Europe
2984,17058,United Kingdom,Europe
2985,17059,United Kingdom,Europe
2986,17060,United Kingdom,Europe
2987,17061,United Kingdom,Europe
2988,17062,United Kingdom,Europe
2989,17063,United Kingdom,Europe
2990,17064,United Kingdom,Europe
2991,17068,United Kingdom,Europe
2992,17069,United Kingdom,Europe
2993,17070,United Kingdom,Europe
2994,17071,United Kingdom,Europe
2995,17073,United Kingdom,Europe
2996,17075,United Kingdom,Europe
2997,17076,United Kingdom,Europe
2998,17078,United Kingdom,Europe
2999,17080,United Kingdom,Europe
3000,17081,United Kingdom,Europe
3001,17082,United Kingdom,Europe
3002,17083,United Kingdom,Europe
3003,17084,United Kingdom,Europe
3004,17085,United Kingdom,Europe
3005,17086,United Kingdom,Europe
3006,17088,United Kingdom,Europe
3007,17090,United Kingdom,Europe
3008,17091,United Kingdom,Europe
3009,17092,United Kingdom,Europe
3010,17094,United Kingdom,Europe
3011,17095,United Kingdom,Europe
3012,17096,United Kingdom,Europe
3013,17097,Spain,Europe
3014,17100,United Kingdom,Europe
3015,17101,United Kingdom,Europe
3016,17105,United Kingdom,Europe
3017,17107,United Kingdom,Europe
3018,17109,United Kingdom,Europe
3019,17110,United Kingdom,Europe
3020,17111,United Kingdom,Europe
3021,17114,United Kingdom,Europe
3022,17115,United Kingdom,Europe
3023,17117,United Kingdom,Europe
3024,17118,United Kingdom,Europe
3025,17119,United Kingdom,Europe
3026,17120,United Kingdom,Europe
3027,17123,United Kingdom,Europe
3028,17124,United Kingdom,Europe
3029,17125,United Kingdom,Europe
3030,17126,United Kingdom,Europe
3031,17128,United Kingdom,Europe
3032,17131,United Kingdom,Europe
3033,17133,United Kingdom,Europe
3034,17134,United Kingdom,Europe
3035,17135,United Kingdom,Europe
3036,17138,United Kingdom,Europe
3037,17139,United Kingdom,Europe
3038,17140,United Kingdom,Europe
3039,17142,United Kingdom,Europe
3040,17144,United Kingdom,Europe
3041,17146,United Kingdom,Europe
3042,17147,United Kingdom,Europe
3043,17148,United Kingdom,Europe
3044,17152,United Kingdom,Europe
3045,17154,United Kingdom,Europe
3046,17155,United Kingdom,Europe
3047,17157,United Kingdom,Europe
3048,17158,United Kingdom,Europe
3049,17159,United Kingdom,Europe
3050,17160,United Kingdom,Europe
3051,17162,United Kingdom,Europe
3052,17164,United Kingdom,Europe
3053,17166,United Kingdom,Europe
3054,17169,United Kingdom,Europe
3055,17171,United Kingdom,Europe
3056,17172,United Kingdom,Europe
3057,17173,United Kingdom,Europe
3058,17175,United Kingdom,Europe
3059,17176,United Kingdom,Europe
3060,17179,United Kingdom,Europe
3061,17180,United Kingdom,Europe
3062,17181,United Kingdom,Europe
3063,17183,United Kingdom,Europe
3064,17187,United Kingdom,Europe
3065,17188,United Kingdom,Europe
3066,17189,United Kingdom,Europe
3067,17190,United Kingdom,Europe
3068,17191,United Kingdom,Europe
3069,17193,United Kingdom,Europe
3070,17194,United Kingdom,Europe
3071,17197,United Kingdom,Europe
3072,17198,United Kingdom,Europe
3073,17201,United Kingdom,Europe
3074,17203,United Kingdom,Europe
3075,17204,United Kingdom,Europe
3076,17205,United Kingdom,Europe
3077,17206,United Kingdom,Europe
3078,17211,United Kingdom,Europe
3079,17213,United Kingdom,Europe
3080,17214,United Kingdom,Europe
3081,17217,United Kingdom,Europe
3082,17218,United Kingdom,Europe
3083,17219,United Kingdom,Europe
3084,17220,United Kingdom,Europe
3085,17221,United Kingdom,Europe
3086,17222,United Kingdom,Europe
3087,17223,United Kingdom,Europe
3088,17226,United Kingdom,Europe
3089,17227,United Kingdom,Europe
3090,17228,United Kingdom,Europe
3091,17229,United Kingdom,Europe
3092,17230,United Kingdom,Europe
3093,17231,United Kingdom,Europe
3094,17232,United Kingdom,Europe
3095,17233,United Kingdom,Europe
3096,17234,United Kingdom,Europe
3097,17235,United Kingdom,Europe
3098,17236,United Kingdom,Europe
3099,17237,United Kingdom,Europe
3100,17238,United Kingdom,Europe
3101,17242,United Kingdom,Europe
3102,17243,United Kingdom,Europe
3103,17244,United Kingdom,Europe
3104,17245,United Kingdom,Europe
3105,17247,United Kingdom,Europe
3106,17248,United Kingdom,Europe
3107,17250,United Kingdom,Europe
3108,17251,United Kingdom,Europe
3109,17252,United Kingdom,Europe
3110,17253,United Kingdom,Europe
3111,17254,United Kingdom,Europe
3112,17255,United Kingdom,Europe
3113,17256,United Kingdom,Europe
3114,17259,United Kingdom,Europe
3115,17262,United Kingdom,Europe
3116,17265,United Kingdom,Europe
3117,17266,United Kingdom,Europe
3118,17267,United Kingdom,Europe
3119,17272,United Kingdom,Europe
3120,17274,United Kingdom,Europe
3121,17277,United Kingdom,Europe
3122,17278,United Kingdom,Europe
3123,17279,United Kingdom,Europe
3124,17282,United Kingdom,Europe
3125,17284,United Kingdom,Europe
3126,17286,United Kingdom,Europe
3127,17287,United Kingdom,Europe
3128,17288,United Kingdom,Europe
3129,17289,United Kingdom,Europe
3130,17290,United Kingdom,Europe
3131,17293,United Kingdom,Europe
3132,17295,United Kingdom,Europe
3133,17297,United Kingdom,Europe
3134,17298,United Kingdom,Europe
3135,17299,United Kingdom,Europe
3136,17301,United Kingdom,Europe
3137,17302,United Kingdom,Europe
3138,17303,United Kingdom,Europe
3139,17306,United Kingdom,Europe
3140,17311,United Kingdom,Europe
3141,17312,United Kingdom,Europe
3142,17313,United Kingdom,Europe
3143,17314,United Kingdom,Europe
3144,17315,United Kingdom,Europe
3145,17320,United Kingdom,Europe
3146,17321,United Kingdom,Europe
3147,17323,United Kingdom,Europe
3148,17324,United Kingdom,Europe
3149,17325,United Kingdom,Europe
3150,17329,United Kingdom,Europe
3151,17333,United Kingdom,Europe
3152,17334,United Kingdom,Europe
3153,17337,United Kingdom,Europe
3154,17338,United Kingdom,Europe
3155,17339,United Kingdom,Europe
3156,17340,United Kingdom,Europe
3157,17341,United Kingdom,Europe
3158,17343,United Kingdom,Europe
3159,17344,United Kingdom,Europe
3160,17345,United Kingdom,Europe
3161,17346,United Kingdom,Europe
3162,17347,United Kingdom,Europe
3163,17348,United Kingdom,Europe
3164,17350,United Kingdom,Europe
3165,17351,United Kingdom,Europe
3166,17354,United Kingdom,Europe
3167,17356,United Kingdom,Europe
3168,17357,United Kingdom,Europe
3169,17358,United Kingdom,Europe
3170,17360,United Kingdom,Europe
3171,17361,United Kingdom,Europe
3172,17362,United Kingdom,Europe
3173,17364,United Kingdom,Europe
3174,17365,United Kingdom,Europe
3175,17368,United Kingdom,Europe
3176,17370,United Kingdom,Europe
3177,17371,United Kingdom,Europe
3178,17372,United Kingdom,Europe
3179,17373,United Kingdom,Europe
3180,17374,United Kingdom,Europe
3181,17375,United Kingdom,Europe
3182,17376,United Kingdom,Europe
3183,17377,United Kingdom,Europe
3184,17379,United Kingdom,Europe
3185,17381,United Kingdom,Europe
3186,17383,United Kingdom,Europe
3187,17384,United Kingdom,Europe
3188,17385,United Kingdom,Europe
3189,17386,United Kingdom,Europe
3190,17387,United Kingdom,Europe
3191,17388,United Kingdom,Europe
3192,17389,United Kingdom,Europe
3193,17391,United Kingdom,Europe
3194,17392,United Kingdom,Europe
3195,17396,United Kingdom,Europe
3196,17397,United Kingdom,Europe
3197,17398,United Kingdom,Europe
3198,17400,United Kingdom,Europe
3199,17402,United Kingdom,Europe
3200,17403,United Kingdom,Europe
3201,17404,Sweden,Europe
3202,17405,United Kingdom,Europe
3203,17406,United Kingdom,Europe
3204,17409,United Kingdom,Europe
3205,17410,United Kingdom,Europe
3206,17411,United Kingdom,Europe
3207,17412,United Kingdom,Europe
3208,17414,United Kingdom,Europe
3209,17415,United Kingdom,Europe
3210,17416,United Kingdom,Europe
3211,17418,United Kingdom,Europe
3212,17419,United Kingdom,Europe
3213,17420,United Kingdom,Europe
3214,17422,United Kingdom,Europe
3215,17423,United Kingdom,Europe
3216,17425,United Kingdom,Europe
3217,17426,United Kingdom,Europe
3218,17428,United Kingdom,Europe
3219,17429,United Kingdom,Europe
3220,17431,United Kingdom,Europe
3221,17432,United Kingdom,Europe
3222,17433,United Kingdom,Europe
3223,17434,United Kingdom,Europe
3224,17436,United Kingdom,Europe
3225,17438,United Kingdom,Europe
3226,17442,United Kingdom,Europe
3227,17444,Canada,North America
3228,17446,United Kingdom,Europe
3229,17447,United Kingdom,Europe
3230,17449,United Kingdom,Europe
3231,17450,United Kingdom,Europe
3232,17451,United Kingdom,Europe
3233,17453,United Kingdom,Europe
3234,17454,United Kingdom,Europe
3235,17455,United Kingdom,Europe
3236,17456,United Kingdom,Europe
3237,17457,United Kingdom,Europe
3238,17458,United Kingdom,Europe
3239,17459,United Kingdom,Europe
3240,17460,United Kingdom,Europe
3241,17461,United Kingdom,Europe
3242,17462,United Kingdom,Europe
3243,17463,United Kingdom,Europe
3244,17466,United Kingdom,Europe
3245,17469,United Kingdom,Europe
3246,17470,United Kingdom,Europe
3247,17472,United Kingdom,Europe
3248,17475,United Kingdom,Europe
3249,17480,United Kingdom,Europe
3250,17481,United Kingdom,Europe
3251,17483,United Kingdom,Europe
3252,17486,United Kingdom,Europe
3253,17489,United Kingdom,Europe
3254,17490,United Kingdom,Europe
3255,17491,United Kingdom,Europe
3256,17495,United Kingdom,Europe
3257,17496,United Kingdom,Europe
3258,17498,United Kingdom,Europe
3259,17499,United Kingdom,Europe
3260,17502,United Kingdom,Europe
3261,17503,United Kingdom,Europe
3262,17504,United Kingdom,Europe
3263,17505,United Kingdom,Europe
3264,17506,United Kingdom,Europe
3265,17507,United Kingdom,Europe
3266,17508,Greece,Other
3267,17509,United Kingdom,Europe
3268,17510,United Kingdom,Europe
3269,17511,United Kingdom,Europe
3270,17512,United Kingdom,Europe
3271,17513,United Kingdom,Europe
3272,17514,United Kingdom,Europe
3273,17515,United Kingdom,Europe
3274,17516,United Kingdom,Europe
3275,17517,United Kingdom,Europe
3276,17519,United Kingdom,Europe
3277,17520,United Kingdom,Europe
3278,17521,United Kingdom,Europe
3279,17522,United Kingdom,Europe
3280,17523,United Kingdom,Europe
3281,17526,United Kingdom,Europe
3282,17527,United Kingdom,Europe
3283,17528,United Kingdom,Europe
3284,17530,United Kingdom,Europe
3285,17531,United Kingdom,Europe
3286,17537,United Kingdom,Europe
3287,17540,United Kingdom,Europe
3288,17542,United Kingdom,Europe
3289,17545,United Kingdom,Europe
3290,17548,United Kingdom,Europe
3291,17549,United Kingdom,Europe
3292,17550,United Kingdom,Europe
3293,17551,United Kingdom,Europe
3294,17552,United Kingdom,Europe
3295,17554,United Kingdom,Europe
3296,17555,United Kingdom,Europe
3297,17556,United Kingdom,Europe
3298,17557,United Kingdom,Europe
3299,17560,United Kingdom,Europe
3300,17561,United Kingdom,Europe
3301,17562,United Kingdom,Europe
3302,17564,United Kingdom,Europe
3303,17566,United Kingdom,Europe
3304,17567,United Kingdom,Europe
3305,17569,United Kingdom,Europe
3306,17571,United Kingdom,Europe
3307,17573,United Kingdom,Europe
3308,17576,United Kingdom,Europe
3309,17579,United Kingdom,Europe
3310,17580,United Kingdom,Europe
3311,17581,United Kingdom,Europe
3312,17582,United Kingdom,Europe
3313,17584,United Kingdom,Europe
3314,17585,United Kingdom,Europe
3315,17589,United Kingdom,Europe
3316,17590,United Kingdom,Europe
3317,17591,United Kingdom,Europe
3318,17593,United Kingdom,Europe
3319,17594,United Kingdom,Europe
3320,17595,United Kingdom,Europe
3321,17596,United Kingdom,Europe
3322,17597,United Kingdom,Europe
3323,17601,United Kingdom,Europe
3324,17602,United Kingdom,Europe
3325,17604,United Kingdom,Europe
3326,17608,United Kingdom,Europe
3327,17609,United Kingdom,Europe
3328,17611,United Kingdom,Europe
3329,17612,United Kingdom,Europe
3330,17613,United Kingdom,Europe
3331,17614,United Kingdom,Europe
3332,17618,United Kingdom,Europe
3333,17619,United Kingdom,Europe
3334,17620,United Kingdom,Europe
3335,17621,United Kingdom,Europe
3336,17623,United Kingdom,Europe
3337,17624,United Kingdom,Europe
3338,17625,United Kingdom,Europe
3339,17629,United Kingdom,Europe
3340,17630,United Kingdom,Europe
3341,17631,United Kingdom,Europe
3342,17633,United Kingdom,Europe
3343,17634,United Kingdom,Europe
3344,17636,United Kingdom,Europe
3345,17637,United Kingdom,Europe
3346,17640,United Kingdom,Europe
3347,17642,United Kingdom,Europe
3348,17644,United Kingdom,Europe
3349,17646,United Kingdom,Europe
3350,17647,United Kingdom,Europe
3351,17648,United Kingdom,Europe
3352,17649,United Kingdom,Europe
3353,17650,United Kingdom,Europe
3354,17651,United Kingdom,Europe
3355,17652,United Kingdom,Europe
3356,17653,United Kingdom,Europe
3357,17654,United Kingdom,Europe
3358,17655,United Kingdom,Europe
3359,17656,United Kingdom,Europe
3360,17659,United Kingdom,Europe
3361,17660,United Kingdom,Europe
3362,17663,United Kingdom,Europe
3363,17664,United Kingdom,Europe
3364,17666,United Kingdom,Europe
3365,17667,United Kingdom,Europe
3366,17668,United Kingdom,Europe
3367,17669,United Kingdom,Europe
3368,17670,United Kingdom,Europe
3369,17671,United Kingdom,Europe
3370,17672,United Kingdom,Europe
3371,17673,United Kingdom,Europe
3372,17675,United Kingdom,Europe
3373,17676,United Kingdom,Europe
3374,17677,United Kingdom,Europe
3375,17678,United Kingdom,Europe
3376,17679,United Kingdom,Europe
3377,17682,United Kingdom,Europe
3378,17684,United Kingdom,Europe
3379,17685,United Kingdom,Europe
3380,17686,United Kingdom,Europe
3381,17690,United Kingdom,Europe
3382,17691,United Kingdom,Europe
3383,17692,United Kingdom,Europe
3384,17693,United Kingdom,Europe
3385,17694,United Kingdom,Europe
3386,17695,United Kingdom,Europe
3387,17696,United Kingdom,Europe
3388,17698,United Kingdom,Europe
3389,17700,United Kingdom,Europe
3390,17701,United Kingdom,Europe
3391,17702,United Kingdom,Europe
3392,17703,United Kingdom,Europe
3393,17704,United Kingdom,Europe
3394,17705,United Kingdom,Europe
3395,17706,United Kingdom,Europe
3396,17708,United Kingdom,Europe
3397,17709,United Kingdom,Europe
3398,17712,United Kingdom,Europe
3399,17716,United Kingdom,Europe
3400,17718,United Kingdom,Europe
3401,17719,United Kingdom,Europe
3402,17720,United Kingdom,Europe
3403,17722,United Kingdom,Europe
3404,17724,United Kingdom,Europe
3405,17725,United Kingdom,Europe
3406,17727,United Kingdom,Europe
3407,17728,United Kingdom,Europe
3408,17730,United Kingdom,Europe
3409,17731,United Kingdom,Europe
3410,17732,United Kingdom,Europe
3411,17733,United Kingdom,Europe
3412,17734,United Kingdom,Europe
3413,17735,United Kingdom,Europe
3414,17736,United Kingdom,Europe
3415,17738,United Kingdom,Europe
3416,17739,United Kingdom,Europe
3417,17742,United Kingdom,Europe
3418,17744,United Kingdom,Europe
3419,17749,United Kingdom,Europe
3420,17750,United Kingdom,Europe
3421,17754,United Kingdom,Europe
3422,17757,United Kingdom,Europe
3423,17758,United Kingdom,Europe
3424,17759,United Kingdom,Europe
3425,17760,United Kingdom,Europe
3426,17761,United Kingdom,Europe
3427,17764,United Kingdom,Europe
3428,17765,United Kingdom,Europe
3429,17767,United Kingdom,Europe
3430,17768,United Kingdom,Europe
3431,17769,United Kingdom,Europe
3432,17770,United Kingdom,Europe
3433,17771,United Kingdom,Europe
3434,17772,United Kingdom,Europe
3435,17774,United Kingdom,Europe
3436,17777,United Kingdom,Europe
3437,17779,United Kingdom,Europe
3438,17781,United Kingdom,Europe
3439,17783,United Kingdom,Europe
3440,17785,United Kingdom,Europe
3441,17786,United Kingdom,Europe
3442,17787,United Kingdom,Europe
3443,17789,United Kingdom,Europe
3444,17790,United Kingdom,Europe
3445,17791,United Kingdom,Europe
3446,17793,United Kingdom,Europe
3447,17795,United Kingdom,Europe
3448,17796,United Kingdom,Europe
3449,17797,United Kingdom,Europe
3450,17799,United Kingdom,Europe
3451,17800,United Kingdom,Europe
3452,17802,United Kingdom,Europe
3453,17805,United Kingdom,Europe
3454,17806,United Kingdom,Europe
3455,17809,United Kingdom,Europe
3456,17811,United Kingdom,Europe
3457,17812,United Kingdom,Europe
3458,17813,United Kingdom,Europe
3459,17816,United Kingdom,Europe
3460,17817,United Kingdom,Europe
3461,17819,United Kingdom,Europe
3462,17827,United Kingdom,Europe
3463,17828,Malta,Other
3464,17829,United Arab Emirates,Asia
3465,17830,United Kingdom,Europe
3466,17832,United Kingdom,Europe
3467,17835,United Kingdom,Europe
3468,17836,United Kingdom,Europe
3469,17837,United Kingdom,Europe
3470,17838,United Kingdom,Europe
3471,17839,United Kingdom,Europe
3472,17841,United Kingdom,Europe
3473,17843,United Kingdom,Europe
3474,17848,United Kingdom,Europe
3475,17849,United Kingdom,Europe
3476,17850,United Kingdom,Europe
3477,17852,United Kingdom,Europe
3478,17854,United Kingdom,Europe
3479,17855,United Kingdom,Europe
3480,17857,United Kingdom,Europe
3481,17858,United Kingdom,Europe
3482,17859,United Kingdom,Europe
3483,17860,United Kingdom,Europe
3484,17861,United Kingdom,Europe
3485,17863,United Kingdom,Europe
3486,17864,United Kingdom,Europe
3487,17865,United Kingdom,Europe
3488,17866,United Kingdom,Europe
3489,17867,United Kingdom,Europe
3490,17869,United Kingdom,Europe
3491,17870,United Kingdom,Europe
3492,17871,United Kingdom,Europe
3493,17873,United Kingdom,Europe
3494,17874,United Kingdom,Europe
3495,17877,United Kingdom,Europe
3496,17878,United Kingdom,Europe
3497,17880,United Kingdom,Europe
3498,17881,United Kingdom,Europe
3499,17883,United Kingdom,Europe
3500,17884,United Kingdom,Europe
3501,17885,United Kingdom,Europe
3502,17886,United Kingdom,Europe
3503,17887,United Kingdom,Europe
3504,17888,United Kingdom,Europe
3505,17889,United Kingdom,Europe
3506,17890,United Kingdom,Europe
3507,17891,United Kingdom,Europe
3508,17892,United Kingdom,Europe
3509,17893,United Kingdom,Europe
3510,17894,United Kingdom,Europe
3511,17897,United Kingdom,Europe
3512,17899,United Kingdom,Europe
3513,17904,United Kingdom,Europe
3514,17905,United Kingdom,Europe
3515,17908,United Kingdom,Europe
3516,17911,United Kingdom,Europe
3517,17912,United Kingdom,Europe
3518,17913,United Kingdom,Europe
3519,17914,United Kingdom,Europe
3520,17917,United Kingdom,Europe
3521,17919,United Kingdom,Europe
3522,17920,United Kingdom,Europe
3523,17921,United Kingdom,Europe
3524,17924,United Kingdom,Europe
3525,17926,United Kingdom,Europe
3526,17928,United Kingdom,Europe
3527,17929,United Kingdom,Europe
3528,17930,United Kingdom,Europe
3529,17931,United Kingdom,Europe
3530,17932,United Kingdom,Europe
3531,17935,United Kingdom,Europe
3532,17936,United Kingdom,Europe
3533,17937,United Kingdom,Europe
3534,17939,United Kingdom,Europe
3535,17941,United Kingdom,Europe
3536,17946,United Kingdom,Europe
3537,17949,United Kingdom,Europe
3538,17950,United Kingdom,Europe
3539,17951,United Kingdom,Europe
3540,17954,United Kingdom,Europe
3541,17955,United Kingdom,Europe
3542,17957,United Kingdom,Europe
3543,17958,United Kingdom,Europe
3544,17960,United Kingdom,Europe
3545,17961,United Kingdom,Europe
3546,17962,United Kingdom,Europe
3547,17964,United Kingdom,Europe
3548,17965,United Kingdom,Europe
3549,17966,United Kingdom,Europe
3550,17967,United Kingdom,Europe
3551,17968,United Kingdom,Europe
3552,17969,United Kingdom,Europe
3553,17970,United Kingdom,Europe
3554,17972,United Kingdom,Europe
3555,17973,United Kingdom,Europe
3556,17974,United Kingdom,Europe
3557,17975,United Kingdom,Europe
3558,17976,United Kingdom,Europe
3559,17977,United Kingdom,Europe
3560,17978,United Kingdom,Europe
3561,17979,United Kingdom,Europe
3562,17980,United Kingdom,Europe
3563,17984,United Kingdom,Europe
3564,17985,United Kingdom,Europe
3565,17988,United Kingdom,Europe
3566,17990,United Kingdom,Europe
3567,17994,United Kingdom,Europe
3568,17997,United Kingdom,Europe
3569,17999,United Kingdom,Europe
3570,18001,United Kingdom,Europe
3571,18004,United Kingdom,Europe
3572,18005,United Kingdom,Europe
3573,18006,United Kingdom,Europe
3574,18008,United Kingdom,Europe
3575,18009,United Kingdom,Europe
3576,18010,United Kingdom,Europe
3577,18011,United Kingdom,Europe
3578,18014,United Kingdom,Europe
3579,18015,United Kingdom,Europe
3580,18016,United Kingdom,Europe
3581,18018,United Kingdom,Europe
3582,18022,United Kingdom,Europe
3583,18024,United Kingdom,Europe
3584,18027,United Kingdom,Europe
3585,18030,United Kingdom,Europe
3586,18032,United Kingdom,Europe
3587,18033,United Kingdom,Europe
3588,18034,United Kingdom,Europe
3589,18035,United Kingdom,Europe
3590,18036,United Kingdom,Europe
3591,18037,United Kingdom,Europe
3592,18040,United Kingdom,Europe
3593,18041,United Kingdom,Europe
3594,18042,United Kingdom,Europe
3595,18043,United Kingdom,Europe
3596,18044,United Kingdom,Europe
3597,18045,United Kingdom,Europe
3598,18048,United Kingdom,Europe
3599,18053,United Kingdom,Europe
3600,18055,United Kingdom,Europe
3601,18056,United Kingdom,Europe
3602,18059,United Kingdom,Europe
3603,18061,United Kingdom,Europe
3604,18062,United Kingdom,Europe
3605,18065,United Kingdom,Europe
3606,18067,United Kingdom,Europe
3607,18069,United Kingdom,Europe
3608,18071,United Kingdom,Europe
3609,18072,United Kingdom,Europe
3610,18073,United Kingdom,Europe
3611,18074,United Kingdom,Europe
3612,18075,United Kingdom,Europe
3613,18077,United Kingdom,Europe
3614,18078,United Kingdom,Europe
3615,18079,United Kingdom,Europe
3616,18081,United Kingdom,Europe
3617,18082,United Kingdom,Europe
3618,18085,United Kingdom,Europe
3619,18086,United Kingdom,Europe
3620,18087,United Kingdom,Europe
3621,18088,United Kingdom,Europe
3622,18092,United Kingdom,Europe
3623,18093,United Kingdom,Europe
3624,18094,United Kingdom,Europe
3625,18095,United Kingdom,Europe
3626,18096,United Kingdom,Europe
3627,18097,United Kingdom,Europe
3628,18099,United Kingdom,Europe
3629,18101,United Kingdom,Europe
3630,18102,United Kingdom,Europe
3631,18104,United Kingdom,Europe
3632,18105,United Kingdom,Europe
3633,18106,United Kingdom,Europe
3634,18108,United Kingdom,Europe
3635,18109,United Kingdom,Europe
3636,18110,United Kingdom,Europe
3637,18112,United Kingdom,Europe
3638,18114,United Kingdom,Europe
3639,18116,United Kingdom,Europe
3640,18117,United Kingdom,Europe
3641,18118,United Kingdom,Europe
3642,18120,United Kingdom,Europe
3643,18121,United Kingdom,Europe
3644,18122,United Kingdom,Europe
3645,18123,United Kingdom,Europe
3646,18125,United Kingdom,Europe
3647,18126,United Kingdom,Europe
3648,18127,United Kingdom,Europe
3649,18129,United Kingdom,Europe
3650,18130,United Kingdom,Europe
3651,18135,United Kingdom,Europe
3652,18136,United Kingdom,Europe
3653,18138,United Kingdom,Europe
3654,18139,United Kingdom,Europe
3655,18143,United Kingdom,Europe
3656,18144,United Kingdom,Europe
3657,18145,United Kingdom,Europe
3658,18146,United Kingdom,Europe
3659,18147,United Kingdom,Europe
3660,18149,United Kingdom,Europe
3661,18150,United Kingdom,Europe
3662,18151,United Kingdom,Europe
3663,18154,United Kingdom,Europe
3664,18156,United Kingdom,Europe
3665,18159,United Kingdom,Europe
3666,18160,United Kingdom,Europe
3667,18161,United Kingdom,Europe
3668,18164,United Kingdom,Europe
3669,18167,United Kingdom,Europe
3670,18168,United Kingdom,Europe
3671,18169,United Kingdom,Europe
3672,18170,United Kingdom,Europe
3673,18171,United Kingdom,Europe
3674,18172,United Kingdom,Europe
3675,18173,United Kingdom,Europe
3676,18176,United Kingdom,Europe
3677,18177,United Kingdom,Europe
3678,18178,United Kingdom,Europe
3679,18179,United Kingdom,Europe
3680,18180,United Kingdom,Europe
3681,18181,United Kingdom,Europe
3682,18183,United Kingdom,Europe
3683,18188,United Kingdom,Europe
3684,18189,United Kingdom,Europe
3685,18190,United Kingdom,Europe
3686,18192,United Kingdom,Europe
3687,18194,United Kingdom,Europe
3688,18196,United Kingdom,Europe
3689,18198,United Kingdom,Europe
3690,18200,United Kingdom,Europe
3691,18202,United Kingdom,Europe
3692,18204,United Kingdom,Europe
3693,18205,United Kingdom,Europe
3694,18210,United Kingdom,Europe
3695,18211,United Kingdom,Europe
3696,18212,United Kingdom,Europe
3697,18213,United Kingdom,Europe
3698,18215,United Kingdom,Europe
3699,18216,United Kingdom,Europe
3700,18217,United Kingdom,Europe
3701,18218,United Kingdom,Europe
3702,18219,United Kingdom,Europe
3703,18221,United Kingdom,Europe
3704,18222,United Kingdom,Europe
3705,18223,United Kingdom,Europe
3706,18225,United Kingdom,Europe
3707,18226,United Kingdom,Europe
3708,18227,United Kingdom,Europe
3709,18228,United Kingdom,Europe
3710,18229,United Kingdom,Europe
3711,18230,United Kingdom,Europe
3712,18231,United Kingdom,Europe
3713,18232,United Kingdom,Europe
3714,18235,United Kingdom,Europe
3715,18236,United Kingdom,Europe
3716,18237,United Kingdom,Europe
3717,18239,United Kingdom,Europe
3718,18240,United Kingdom,Europe
3719,18241,United Kingdom,Europe
3720,18242,United Kingdom,Europe
3721,18245,United Kingdom,Europe
3722,18248,United Kingdom,Europe
3723,18250,United Kingdom,Europe
3724,18252,United Kingdom,Europe
3725,18257,United Kingdom,Europe
3726,18259,United Kingdom,Europe
3727,18260,United Kingdom,Europe
3728,18261,United Kingdom,Europe
3729,18262,United Kingdom,Europe
3730,18263,United Kingdom,Europe
3731,18265,United Kingdom,Europe
3732,18269,United Kingdom,Europe
3733,18270,United Kingdom,Europe
3734,18272,United Kingdom,Europe
3735,18276,United Kingdom,Europe
3736,18277,United Kingdom,Europe
3737,18278,United Kingdom,Europe
3738,18281,United Kingdom,Europe
3739,18282,United Kingdom,Europe
3740,18283,United Kingdom,Europe
3741,18287,United Kingdom,Europe
